ID,First Name,Last Name,DOB,Role,Money Available,Flights Purchased,MinerAir Membership,Username,Password
1,Mickey,Mouse,2/29/36,Customer,94.586914,7,true,mickeymouse,Fun!23
2,Donald,Duck,3/21/17,Customer,672.04004,2,true,donaldduck,Fun!23
3,Minnie,Mouse,11/23/42,Customer,1149.5029,2,false,minniemouse,Fun!23
4,Goofy,Disney,6/10/34,Customer,937.5756,2,false,goofydisney,Fun!23
5,Pluto,Disney,8/5/95,Customer,2080.396,1,true,plutodisney,Fun!23
6,Chip,Disney,11/28/41,Customer,1816.7299,8,false,chipdisney,Fun!23
7,Dale,Disney,10/8/50,Customer,1414.6775,3,false,daledisney,Fun!23
8,Cinderella,Disney,4/9/98,Customer,2029.44,5,false,cinderelladisney,Fun!23
9,Ariel,Disney,3/12/37,Customer,147.2948,4,true,arieldisney,Fun!23
10,Jasmine,Disney,3/22/02,Customer,667.2202,1,true,jasminedisney,Fun!23
11,Aladdin,Disney,11/3/66,Customer,3428.2307,4,true,aladdindisney,Fun!23
12,Simba,Disney,3/23/29,Customer,411.81982,2,true,simbadisney,Fun!23
13,Mufassa,Disney,1/24/00,Customer,330.28906,1,true,mufassadisney,Fun!23
14,Aurora,Disney,7/18/62,Customer,1882.4722,2,true,auroradisney,Fun!23
15,Peter,Pan,12/26/30,Customer,1407.5557,5,true,peterpan,Fun!23
16,Woody,Disney,2/20/91,Customer,608.1753,6,false,woodydisney,Fun!23
17,Buzz,Lightyear,12/2/27,Customer,701.55994,1,true,buzzlightyear,Fun!23
18,Jafar,Aladdin,3/16/28,Customer,580.9248,4,false,jafaraladdin,Fun!23
19,Ursela,Mermaid,1/11/94,Customer,3336.139,1,true,urselamermaid,Fun!23
20,Beast,Disney,1/18/44,Customer,2623.083,3,true,beastdisney,Fun!23
21,Belle,Disney,10/13/15,Customer,1958.5829,1,false,belledisney,Fun!23
22,Cruella,De Vil,12/12/23,Customer,1909.7039,5,false,cruellade vil,Fun!23
23,Scar,Lion,5/10/75,Customer,92.5957,8,true,scarlion,Fun!23
24,Simba,King,9/20/97,Customer,263.62354,3,true,simbaking,Fun!23
25,Gaston,Disney,6/12/32,Customer,3810.102,1,true,gastondisney,Fun!23
26,Shere,Khan,2/18/74,Customer,2442.2603,1,false,sherekhan,Fun!23
27,Captaiin,Hook,8/18/88,Customer,2149.638,1,false,captaiinhook,Fun!23
28,Kaa,Disney,1/27/43,Customer,980.1499,2,false,kaadisney,Fun!23
29,Evil,Queen,1/1/58,Customer,570.32324,5,true,evilqueen,Fun!23
30,Pinocchio,Disney,6/25/83,Customer,184.31982,1,false,pinocchiodisney,Fun!23
31,Prince,Eric,7/11/07,Customer,813.36475,3,false,princeeric,Fun!23
32,Quasimodo,Disney,11/12/78,Customer,4740.37,2,true,quasimododisney,Fun!23
33,Hercules,Disney,6/16/18,Customer,2817.434,3,true,herculesdisney,Fun!23
34,Mulan,Disney,2/5/87,Customer,277.74255,1,false,mulandisney,Fun!23
35,Lilo,Disney,8/9/34,Customer,1520.5889,1,true,lilodisney,Fun!23
36,Stitch,Disney,5/16/35,Customer,2895.2256,7,true,stitchdisney,Fun!23
37,Daniel,Mejia,2/22/84,Employee,56.20996,7,true,danielmejia,Fun!23
38,Ashley,Gilmore,2/3/72,Employee,11.354706,4,true,ashleygilmore,Fun!23
39,Diana,Valles,10/27/05,Employee,484.92102,8,true,dianavalles,Fun!23
40,Isabella,Gaytan,10/9/09,Employee,902.3965,1,true,isabellagaytan,Fun!23
41,Diana,Garcia,2/27/60,Employee,990.9264,1,false,dianagarcia,Fun!23
42,Alexis,Acosta,6/8/80,Employee,196.08575,4,true,alexisacosta,Fun!23
43,Akinyemi,Akinjayeju,5/21/18,Employee,3214.3672,6,false,akinyemiakinjayeju,Fun!23
44,Bryan,Arriaga,12/22/73,Employee,0.42355347,4,true,bryanarriaga,Fun!23
45,Jessica,Barragan,6/21/07,Employee,4521.708,6,false,jessicabarragan,Fun!23
46,Ruben,CarmonaMedrano,6/6/87,Employee,986.078,1,true,rubencarmonamedrano,Fun!23
47,Brandon,CartwrightLi,11/9/28,Employee,625.272,4,true,brandoncartwrightli,Fun!23
48,Jasmin,Cuevas,7/14/33,Employee,856.0247,1,false,jasmincuevas,Fun!23
49,Luis,Del Campo,4/18/40,Employee,254.80353,5,true,luisdel campo,Fun!23
50,Garab,Dorji,11/7/75,Employee,155.87965,1,true,garabdorji,Fun!23
51,Marc,Driver,6/3/84,Employee,62.29454,1,false,marcdriver,Fun!23
52,Jose,Espinoza Gonzalez,6/19/18,Employee,119.5957,4,true,joseespinoza gonzalez,Fun!23
53,Alondra,GonzalezAyala,4/12/04,Employee,575.15295,5,true,alondragonzalezayala,Fun!23
54,Omar,Hoang,10/10/39,Employee,1032.1967,3,true,omarhoang,Fun!23
55,Ian,Islas,3/22/81,Employee,1372.7961,2,true,ianislas,Fun!23
56,Victor,Lopez,8/31/51,Employee,210.23657,7,true,victorlopez,Fun!23
57,Denisse,LoyaVillalobos,1/29/53,Employee,1457.3586,4,true,denisseloyavillalobos,Fun!23
58,Miguel,Lucero,11/18/33,Employee,245.09473,3,false,miguellucero,Fun!23
59,Daniel,Lucio,2/26/67,Employee,257.60266,2,true,daniellucio,Fun!23
60,Ashley,Magallanes,10/18/27,Employee,146.30127,5,true,ashleymagallanes,Fun!23
61,Leila,Martinez,12/17/88,Employee,230.6565,8,true,leilamartinez,Fun!23
62,Enrique,Munoz,9/7/29,Employee,355.52954,4,true,enriquemunoz,Fun!23
63,Alejandro,Olivas,12/12/90,Employee,836.6312,5,false,alejandroolivas,Fun!23
64,Santiago,Olivas,5/11/42,Employee,299.2804,5,true,santiagoolivas,Fun!23
65,Bella,Quintero,8/29/05,Employee,3565.398,1,true,bellaquintero,Fun!23
66,Samuel,RamosSanchez,9/29/26,Employee,419.3725,8,true,samuelramossanchez,Fun!23
67,Enrique,Rico,3/26/18,Employee,62.56067,7,false,enriquerico,Fun!23
68,Emilia,Rivas,11/24/87,Employee,995.4414,1,false,emiliarivas,Fun!23
69,Mayra,Robles,10/16/26,Employee,3613.6035,7,true,mayrarobles,Fun!23
70,Brian,RodilesDelgado,9/13/32,Employee,1640.5978,8,true,brianrodilesdelgado,Fun!23
71,Seth,Rodriguez,2/22/44,Employee,349.19928,2,true,sethrodriguez,Fun!23
72,Jorge,RodriguezOrtega,7/8/55,Employee,975.78687,1,true,jorgerodriguezortega,Fun!23
73,Jose Luis,Rojas,3/16/25,Employee,43.703613,2,true,jose luisrojas,Fun!23
74,Eduardo,Romero,3/8/35,Employee,5074.245,7,false,eduardoromero,Fun!23
75,Gustavo,Rubio,9/16/42,Employee,412.00693,2,true,gustavorubio,Fun!23
76,Sariyah,Russell,7/23/14,Employee,90.66617,1,false,sariyahrussell,Fun!23
77,Ian,Rybak,7/28/09,Employee,114.00693,4,false,ianrybak,Fun!23
78,Luis,Sanchez,12/4/48,Employee,957.72675,1,true,luissanchez,Fun!23
79,Michael,Santoyo,4/28/47,Employee,172.3237,3,true,michaelsantoyo,Fun!23
80,Gabriela,SigalaAcosta,1/6/02,Employee,1073.1256,5,false,gabrielasigalaacosta,Fun!23
81,Andres,Soto,9/13/37,Employee,1.8436279,6,true,andressoto,Fun!23
82,Gabriel,Terrazas,9/17/44,Employee,808.70605,5,true,gabrielterrazas,Fun!23
83,Sonam,Tshering,4/9/56,Employee,443.1012,3,false,sonamtshering,Fun!23
84,Christina,Valtierra,12/15/12,Employee,240.97559,3,false,christinavaltierra,Fun!23
85,Francisco,Vazquez,4/13/29,Employee,1726.7924,3,false,franciscovazquez,Fun!23
86,Andrea,Villagomez,9/10/82,Employee,43.284973,2,true,andreavillagomez,Fun!23
87,Alberto,Villegas,12/6/20,Employee,54.899628,1,false,albertovillegas,Fun!23
88,Geoff,Waller,7/29/31,Employee,453.69116,1,true,geoffwaller,Fun!23
89,Jeffrey,Walls,2/3/52,Employee,825.0825,5,false,jeffreywalls,Fun!23
90,Alex,Watson,9/14/49,Employee,348.6637,1,true,alexwatson,Fun!23
91,Tom,Perez,4/2/54,Employee,409.00443,1,true,tomperez,Fun!23
92,Brad,Patel,12/17/84,Employee,1376.751,4,false,bradpatel,Fun!23
93,Robert,Lyons,4/1/83,Employee,198.6792,2,false,robertlyons,Fun!23
94,Dana,Williams,3/7/19,Employee,1972.7095,4,true,danawilliams,Fun!23
95,Brittany,Andrews,2/2/94,Employee,48.684265,2,true,brittanyandrews,Fun!23
96,Sean,Klein,2/26/82,Employee,4112.0396,5,true,seanklein,Fun!23
97,Stephanie,Mcdonald,8/26/57,Employee,151.57904,7,true,stephaniemcdonald,Fun!23
98,Daniel,Olson,12/21/17,Employee,46.511475,1,true,danielolson,Fun!23
99,Christopher,Contreras,6/5/42,Employee,279.32138,2,true,christophercontreras,Fun!23
100,David,Brown,10/26/93,Employee,2966.927,2,true,davidbrown,Fun!23
101,Patrick,Henderson,2/13/84,Employee,1797.273,6,false,patrickhenderson,Fun!23
102,Erica,Harrison,6/18/10,Employee,276.77872,2,false,ericaharrison,Fun!23
103,Katherine,Evans,11/27/95,Employee,562.4525,3,false,katherineevans,Fun!23
104,Robert,Preston,9/25/10,Employee,925.05774,1,true,robertpreston,Fun!23
105,Melissa,Mccormick,6/15/15,Employee,223.33466,2,true,melissamccormick,Fun!23
106,Austin,Griffin,3/28/00,Employee,102.072266,1,false,austingriffin,Fun!23
107,Michael,Sanchez,4/23/51,Employee,332.3058,1,true,michaelsanchez,Fun!23
108,Theresa,Obrien,8/28/49,Employee,409.26672,8,false,theresaobrien,Fun!23
109,Chelsea,Gallagher,8/2/29,Employee,313.3734,6,true,chelseagallagher,Fun!23
110,Crystal,Hudson,1/4/32,Employee,127.97815,7,true,crystalhudson,Fun!23
111,Travis,Mcdonald,11/7/37,Employee,1456.7217,2,false,travismcdonald,Fun!23
112,Logan,Palmer,12/8/78,Employee,723.86584,6,true,loganpalmer,Fun!23
113,Renee,Bradley,12/30/22,Employee,1222.474,5,false,reneebradley,Fun!23
114,Michele,Stevens,6/23/84,Employee,44.812607,2,true,michelestevens,Fun!23
115,Kirsten,Robinson,4/14/33,Employee,1150.4453,1,true,kirstenrobinson,Fun!23
116,Douglas,Rodriguez,3/27/38,Employee,2535.7427,6,false,douglasrodriguez,Fun!23
117,Christopher,Norris,1/18/64,Employee,64.86951,7,false,christophernorris,Fun!23
118,Crystal,Walker,3/18/65,Employee,35.286224,5,false,crystalwalker,Fun!23
119,Sean,Roberts,12/14/47,Employee,3080.9102,2,false,seanroberts,Fun!23
120,Brittany,Hawkins,7/12/08,Employee,1759.6409,4,false,brittanyhawkins,Fun!23
121,Beverly,Johnson,8/27/86,Employee,4669.323,5,false,beverlyjohnson,Fun!23
122,Stephen,Ellis,8/8/55,Employee,323.1797,4,true,stephenellis,Fun!23
123,James,King,4/8/22,Employee,302.22595,1,false,jamesking,Fun!23
124,Pamela,Carter,12/30/94,Employee,415.09595,8,true,pamelacarter,Fun!23
125,Brian,Andrews,10/15/56,Employee,348.65286,3,true,brianandrews,Fun!23
126,Megan,Noble,12/27/50,Employee,30.946793,1,false,megannoble,Fun!23
127,Monica,Davenport,11/7/63,Employee,67.509705,8,true,monicadavenport,Fun!23
128,Michelle,Holland,1/29/19,Employee,395.06744,4,false,michelleholland,Fun!23
129,Kyle,Hodges,12/8/73,Employee,19.964294,1,false,kylehodges,Fun!23
130,Paula,Wyatt,6/29/67,Employee,616.75085,2,true,paulawyatt,Fun!23
131,Shane,Miller,3/3/66,Employee,126.55806,1,true,shanemiller,Fun!23
132,Kimberly,Kline,3/31/92,Employee,25.257965,4,true,kimberlykline,Fun!23
133,Hannah,Arias,6/11/85,Employee,18.421051,2,false,hannaharias,Fun!23
134,Daniel,Hampton,11/16/62,Employee,289.08057,4,false,danielhampton,Fun!23
135,Jerry,Curtis,9/25/37,Employee,2.7857666,6,false,jerrycurtis,Fun!23
136,Jeffrey,Weiss,2/19/87,Employee,1188.1929,1,false,jeffreyweiss,Fun!23
137,Ronald,Parker,1/20/35,Employee,97.89508,2,true,ronaldparker,Fun!23
138,Christopher,Coleman,8/19/86,Employee,952.24115,8,true,christophercoleman,Fun!23
139,Thomas,Clark,10/2/77,Employee,181.87256,2,false,thomasclark,Fun!23
140,Ashley,Romero,5/4/24,Employee,180.22307,1,true,ashleyromero,Fun!23
141,Gail,Parker,12/22/26,Employee,28.096252,3,true,gailparker,Fun!23
142,Sean,Medina,9/4/16,Employee,1251.8425,1,true,seanmedina,Fun!23
143,Edward,Hernandez,11/17/28,Employee,475.1473,4,true,edwardhernandez,Fun!23
144,Todd,Brooks,7/1/64,Employee,5591.3257,3,false,toddbrooks,Fun!23
145,Richard,Torres,5/15/49,Employee,505.3463,1,true,richardtorres,Fun!23
146,David,Gardner,9/16/04,Employee,2704.3005,2,true,davidgardner,Fun!23
147,Rachel,Vasquez,10/31/81,Employee,1027.4707,3,false,rachelvasquez,Fun!23
148,Ashley,Evans,10/18/79,Employee,2247.1956,7,true,ashleyevans,Fun!23
149,Nancy,Morgan,11/18/84,Employee,1680.3665,7,false,nancymorgan,Fun!23
150,Richard,Vargas,1/2/88,Employee,557.29004,1,true,richardvargas,Fun!23
151,Derrick,Grant,9/9/52,Employee,8584.303,1,false,derrickgrant,Fun!23
152,Victoria,Martin,2/28/21,Employee,333.91074,2,false,victoriamartin,Fun!23
153,Marissa,Wagner,5/17/89,Employee,167.5413,3,true,marissawagner,Fun!23
154,Stephanie,Harris,12/3/51,Employee,7784.967,5,false,stephanieharris,Fun!23
155,Richard,Blackwell,6/9/36,Employee,1880.3875,6,false,richardblackwell,Fun!23
156,Dylan,Harris,2/6/28,Employee,208.79102,2,false,dylanharris,Fun!23
157,Philip,Zamora,9/16/33,Employee,617.47485,3,true,philipzamora,Fun!23
158,Melanie,Kirk,6/16/47,Employee,3247.4204,1,true,melaniekirk,Fun!23
159,Michael,Moran,7/31/24,Employee,134.9002,4,true,michaelmoran,Fun!23
160,Jason,Burke,12/19/14,Employee,362.99222,6,true,jasonburke,Fun!23
161,Susan,Hill,2/3/29,Employee,182.27039,1,false,susanhill,Fun!23
162,Lauren,Neal,9/9/61,Employee,4026.0076,7,false,laurenneal,Fun!23
163,Jennifer,Williams,4/18/30,Employee,2597.3564,6,true,jenniferwilliams,Fun!23
164,Haley,Moss,5/8/02,Employee,651.0852,5,false,haleymoss,Fun!23
165,Justin,Wilson,9/17/75,Employee,624.085,2,false,justinwilson,Fun!23
166,Craig,Espinoza,11/2/82,Employee,216.05206,7,false,craigespinoza,Fun!23
167,Julie,Alexander,9/1/44,Employee,151.89417,5,false,juliealexander,Fun!23
168,Anthony,Sanchez,2/1/34,Employee,667.28314,3,true,anthonysanchez,Fun!23
169,Thomas,King,4/19/44,Employee,1.7467804,2,false,thomasking,Fun!23
170,Christina,Walker,5/3/81,Employee,211.08008,8,false,christinawalker,Fun!23
171,Linda,Bennett,12/24/34,Employee,341.7374,2,false,lindabennett,Fun!23
172,Karla,Johnson,3/24/33,Employee,91.421875,5,true,karlajohnson,Fun!23
173,Jill,Henderson,3/17/94,Employee,34.859467,2,true,jillhenderson,Fun!23
174,Sandra,Rogers,3/31/47,Employee,914.06226,4,true,sandrarogers,Fun!23
175,Samuel,Harrington,10/15/29,Employee,2088.677,4,false,samuelharrington,Fun!23
176,Andrew,Garcia,12/30/39,Employee,1310.7197,7,false,andrewgarcia,Fun!23
177,James,Pittman,9/23/19,Employee,117.673096,3,true,jamespittman,Fun!23
178,Shannon,Holden,1/19/12,Employee,2244.7905,1,true,shannonholden,Fun!23
179,Renee,Zimmerman,9/4/91,Employee,1419.2175,8,false,reneezimmerman,Fun!23
180,Richard,Brown,8/11/64,Employee,30.36444,5,true,richardbrown,Fun!23
181,Michael,Smith,6/27/14,Employee,2774.3816,3,true,michaelsmith,Fun!23
182,Nathan,Coleman,2/16/38,Employee,1023.9747,1,true,nathancoleman,Fun!23
183,Kimberly,Richardson,9/21/30,Employee,2335.689,8,true,kimberlyrichardson,Fun!23
184,Emily,Richardson,2/18/78,Employee,1229.5256,3,true,emilyrichardson,Fun!23
185,Michael,White,12/21/72,Employee,243.31712,1,true,michaelwhite,Fun!23
186,Cody,Scott,12/3/32,Employee,65.57532,3,true,codyscott,Fun!23
187,Jeremy,Alvarez,2/16/83,Employee,783.6006,2,false,jeremyalvarez,Fun!23
188,Keith,Ortiz,8/23/19,Employee,2230.813,2,false,keithortiz,Fun!23
189,Mark,Ramos,6/25/69,Employee,3568.4316,5,true,markramos,Fun!23
190,Eric,Vazquez,4/18/96,Employee,54.77472,2,false,ericvazquez,Fun!23
191,James,Hammond,7/26/66,Employee,322.5373,2,false,jameshammond,Fun!23
192,Michelle,Maldonado,5/31/24,Employee,83.818146,2,false,michellemaldonado,Fun!23
193,Jeremy,Morris,12/26/79,Employee,326.83005,2,true,jeremymorris,Fun!23
194,Olivia,Romero,5/22/78,Employee,1656.082,2,false,oliviaromero,Fun!23
195,Nicholas,Anderson,10/5/23,Employee,9.143799,3,false,nicholasanderson,Fun!23
196,Kim,Buckley,9/16/61,Employee,904.70996,6,true,kimbuckley,Fun!23
197,Nicole,Rowland,2/19/84,Employee,1331.1315,7,true,nicolerowland,Fun!23
198,Samantha,Howell,4/24/84,Employee,3.6706543,3,true,samanthahowell,Fun!23
199,Jerry,Lee,6/2/74,Employee,1355.0059,3,true,jerrylee,Fun!23
200,James,Nolan,7/31/02,Employee,44.78174,3,true,jamesnolan,Fun!23
201,Sharon,Miller,10/25/37,Employee,926.8567,8,true,sharonmiller,Fun!23
202,Andrew,Parks,9/18/36,Employee,189.62839,3,false,andrewparks,Fun!23
203,Ethan,Holmes,12/4/10,Employee,748.75494,4,false,ethanholmes,Fun!23
204,Mark,Lozano,1/7/87,Employee,2972.146,4,true,marklozano,Fun!23
205,Molly,Cohen,10/27/27,Employee,824.69824,3,false,mollycohen,Fun!23
206,Zachary,Ellison,7/31/74,Employee,1182.9647,7,false,zacharyellison,Fun!23
207,Donna,Allen,1/11/94,Employee,1930.947,2,true,donnaallen,Fun!23
208,Amanda,Miller,4/6/98,Employee,768.1931,2,true,amandamiller,Fun!23
209,Shirley,Foster,12/7/56,Employee,426.1267,2,true,shirleyfoster,Fun!23
210,Jeffrey,Delgado,2/13/99,Employee,41.796875,1,false,jeffreydelgado,Fun!23
211,Brian,Jensen,7/13/86,Employee,1260.9429,2,false,brianjensen,Fun!23
212,Sheila,Lewis,9/12/74,Employee,1404.9075,2,true,sheilalewis,Fun!23
213,Lee,Burke,12/23/89,Employee,252.89912,3,true,leeburke,Fun!23
214,Susan,Alvarez,9/21/19,Employee,834.6148,7,true,susanalvarez,Fun!23
215,Bridget,Wagner,7/21/91,Employee,4107.209,1,false,bridgetwagner,Fun!23
216,Virginia,Phelps,11/13/68,Employee,8.783508,2,false,virginiaphelps,Fun!23
217,Chase,Miller,8/1/47,Employee,1733.9755,6,false,chasemiller,Fun!23
218,Timothy,Romero,3/21/98,Employee,895.93567,3,false,timothyromero,Fun!23
219,Cesar,Jones,3/15/94,Employee,782.1414,4,true,cesarjones,Fun!23
220,Kathryn,Perez,2/13/51,Employee,23.487,1,true,kathrynperez,Fun!23
221,Lisa,Garrett,12/22/41,Employee,2011.4111,8,false,lisagarrett,Fun!23
222,Mark,Lee,9/9/02,Employee,2476.1902,7,true,marklee,Fun!23
223,Kelly,Yu,3/9/20,Employee,984.5037,3,false,kellyyu,Fun!23
224,Christian,Smith,4/26/07,Employee,657.3756,5,false,christiansmith,Fun!23
225,Robert,Park,6/5/11,Employee,634.23517,4,true,robertpark,Fun!23
226,Ariana,Lara,4/2/67,Employee,165.68396,4,true,arianalara,Fun!23
227,Roberto,Gutierrez,12/8/82,Employee,805.2666,4,false,robertogutierrez,Fun!23
228,Maria,Mccarthy,6/3/68,Employee,1312.3368,1,false,mariamccarthy,Fun!23
229,Brittany,Ray,4/10/13,Employee,594.75415,7,false,brittanyray,Fun!23
230,Shannon,Avery,10/28/39,Employee,163.95193,1,true,shannonavery,Fun!23
231,Joanna,Trevino,2/5/88,Employee,263.1789,6,true,joannatrevino,Fun!23
232,Paul,Fisher,8/5/98,Employee,139.69675,6,false,paulfisher,Fun!23
233,Alexander,Kelly,8/17/36,Employee,278.18527,5,true,alexanderkelly,Fun!23
234,Destiny,Ferguson,3/21/84,Employee,7856.8887,1,true,destinyferguson,Fun!23
235,Samantha,May,4/3/60,Employee,64.80609,4,true,samanthamay,Fun!23
236,Joseph,Lewis,1/14/06,Employee,449.5843,2,true,josephlewis,Fun!23
237,Andrew,Campos,4/13/44,Employee,1070.3275,6,false,andrewcampos,Fun!23
238,Jesse,Montgomery,2/7/46,Employee,513.0554,1,false,jessemontgomery,Fun!23
239,Anna,Gutierrez,4/4/70,Employee,75.58307,2,false,annagutierrez,Fun!23
240,Joel,Arellano,9/24/31,Employee,54.987244,6,true,joelarellano,Fun!23
241,Kaylee,Patterson,10/12/32,Employee,545.8748,2,false,kayleepatterson,Fun!23
242,James,Henderson,6/16/00,Employee,1171.7739,6,false,jameshenderson,Fun!23
243,Ashley,Jones,4/4/40,Employee,193.95898,2,false,ashleyjones,Fun!23
244,Erik,Case,10/16/05,Employee,615.8474,2,false,erikcase,Fun!23
245,Dorothy,Cox,7/1/16,Employee,607.84033,1,true,dorothycox,Fun!23
246,Jeffrey,Marquez,2/23/28,Employee,17.9991,1,true,jeffreymarquez,Fun!23
247,David,Gross,12/1/12,Employee,325.0122,3,false,davidgross,Fun!23
248,Christopher,Wright,12/5/76,Employee,489.83456,8,false,christopherwright,Fun!23
249,Jessica,Moore,2/9/63,Employee,1422.0321,3,true,jessicamoore,Fun!23
250,Alejandra,Morris,10/3/13,Employee,359.6797,5,false,alejandramorris,Fun!23
251,Darin,Porter,4/28/05,Employee,834.68945,1,false,darinporter,Fun!23
252,Alexis,Ford,2/21/94,Employee,229.31145,2,true,alexisford,Fun!23
253,Barbara,Robertson,5/29/53,Employee,231.44136,3,true,barbararobertson,Fun!23
254,David,Wright,2/27/69,Employee,113.520996,3,false,davidwright,Fun!23
255,Jessica,Martin,12/29/29,Employee,1322.2786,1,true,jessicamartin,Fun!23
256,Brooke,Padilla,9/24/40,Employee,132.32632,6,true,brookepadilla,Fun!23
257,Susan,Humphrey,2/16/23,Employee,752.92773,4,false,susanhumphrey,Fun!23
258,Robert,Wu,5/25/32,Employee,816.1289,6,false,robertwu,Fun!23
259,Karen,Thomas,11/29/33,Employee,132.86621,8,false,karenthomas,Fun!23
260,Chris,Holden,3/11/71,Employee,447.68457,7,false,chrisholden,Fun!23
261,Matthew,Erickson,11/23/07,Employee,724.4817,5,true,matthewerickson,Fun!23
262,Leroy,Walters,9/30/99,Employee,5202.2744,1,true,leroywalters,Fun!23
263,Brian,Castillo,4/10/32,Employee,1594.1621,3,false,briancastillo,Fun!23
264,James,Romero,9/26/28,Employee,84.09277,7,false,jamesromero,Fun!23
265,Karen,Zhang,2/26/12,Employee,6046.338,7,true,karenzhang,Fun!23
266,David,Thomas,12/9/33,Employee,151.3147,3,true,davidthomas,Fun!23
267,William,Hunter,11/7/41,Employee,78.17676,4,false,williamhunter,Fun!23
268,Craig,Schaefer,11/7/19,Employee,1863.451,7,true,craigschaefer,Fun!23
269,Michelle,Jones,5/4/57,Employee,1409.8713,4,true,michellejones,Fun!23
270,Angelica,Bruce,4/17/72,Employee,428.58356,7,true,angelicabruce,Fun!23
271,Susan,Allen,3/21/92,Employee,278.20312,2,true,susanallen,Fun!23
272,Tanya,Davis,11/30/09,Employee,133.11646,4,false,tanyadavis,Fun!23
273,Mark,Richards,4/28/87,Employee,873.59753,7,false,markrichards,Fun!23
274,Shannon,Bennett,3/18/13,Employee,662.5325,4,true,shannonbennett,Fun!23
275,Robert,Davis,8/25/63,Employee,170.01393,4,true,robertdavis,Fun!23
276,Allison,Chang,11/21/81,Employee,5273.1807,3,true,allisonchang,Fun!23
277,Michael,Williams,7/14/66,Employee,71.447754,2,false,michaelwilliams,Fun!23
278,Susan,Garcia,8/11/03,Employee,1080.0133,2,true,susangarcia,Fun!23
279,Mario,Walker,6/2/91,Employee,214.5509,3,false,mariowalker,Fun!23
280,Mary,Church,1/31/53,Employee,2344.1982,5,true,marychurch,Fun!23
281,Gregory,Sullivan,2/6/45,Employee,28.510986,7,true,gregorysullivan,Fun!23
282,Lauren,Hall,11/18/29,Employee,767.0815,3,true,laurenhall,Fun!23
283,Dawn,King,8/8/30,Employee,437.95947,1,true,dawnking,Fun!23
284,Daniel,Romero,12/27/16,Employee,240.08914,6,true,danielromero,Fun!23
285,Jacqueline,Dunn,6/15/54,Employee,83.270355,2,false,jacquelinedunn,Fun!23
286,Chris,King,5/20/61,Employee,366.9699,7,false,chrisking,Fun!23
287,Tammy,Martinez,11/24/97,Employee,3925.0332,6,false,tammymartinez,Fun!23
288,Dustin,Oliver,5/1/18,Employee,357.3001,7,true,dustinoliver,Fun!23
289,Nicole,Harvey,1/14/93,Employee,592.4309,5,true,nicoleharvey,Fun!23
290,Matthew,Perez,8/23/70,Employee,54.583008,2,false,matthewperez,Fun!23
291,Kristy,Hoover,4/1/59,Employee,348.9406,6,false,kristyhoover,Fun!23
292,Mary,Cruz,6/22/23,Employee,255.26154,7,true,marycruz,Fun!23
293,Alexandra,Robinson,2/10/77,Employee,658.64636,1,false,alexandrarobinson,Fun!23
294,Tami,Alexander,2/13/62,Employee,151.29694,3,false,tamialexander,Fun!23
295,Susan,Davis,10/5/12,Employee,92.57573,1,true,susandavis,Fun!23
296,Jeffrey,Luna,3/30/16,Employee,795.8026,5,false,jeffreyluna,Fun!23
297,Adam,Maldonado,9/10/32,Employee,449.72192,5,false,adammaldonado,Fun!23
298,Maria,Mitchell,3/6/11,Employee,25.755508,2,true,mariamitchell,Fun!23
299,Stephen,Villegas,2/1/88,Employee,22.702576,1,true,stephenvillegas,Fun!23
300,Ryan,Mcconnell,6/28/18,Employee,2398.2964,6,true,ryanmcconnell,Fun!23
301,Theresa,Macias,8/27/00,Employee,128.64001,6,false,theresamacias,Fun!23
302,Lance,Dominguez,11/4/97,Employee,105.84631,7,false,lancedominguez,Fun!23
303,Bradley,Rodriguez,3/7/35,Employee,686.2401,7,false,bradleyrodriguez,Fun!23
304,Gloria,Page,6/5/00,Employee,792.7368,3,false,gloriapage,Fun!23
305,Jasmine,Ramirez,4/30/39,Employee,113.28793,1,true,jasmineramirez,Fun!23
306,David,Mills,5/11/78,Employee,729.32556,5,true,davidmills,Fun!23
307,Elizabeth,Kim,6/2/95,Employee,279.56256,8,false,elizabethkim,Fun!23
308,Laura,Smith,6/17/27,Employee,270.6853,6,true,laurasmith,Fun!23
309,Amy,Bradley,7/8/24,Employee,1507.2817,3,true,amybradley,Fun!23
310,Denise,Morales,4/30/74,Employee,4223.4404,3,false,denisemorales,Fun!23
311,Marissa,Oconnell,12/31/24,Employee,499.82367,3,false,marissaoconnell,Fun!23
312,Gregory,Maxwell,11/28/80,Employee,69.461426,2,false,gregorymaxwell,Fun!23
313,Jenny,Henry,3/20/84,Employee,1437.6696,6,false,jennyhenry,Fun!23
314,Matthew,Campbell,7/18/92,Employee,59.8806,1,false,matthewcampbell,Fun!23
315,Lisa,Gaines,3/18/02,Employee,419.94458,6,false,lisagaines,Fun!23
316,Jonathan,Christian,1/11/35,Employee,550.4675,1,false,jonathanchristian,Fun!23
317,Brenda,Douglas,6/12/68,Employee,202.34326,1,false,brendadouglas,Fun!23
318,Rachel,Phillips,4/16/91,Employee,303.98676,8,false,rachelphillips,Fun!23
319,Jade,Crawford,11/25/80,Employee,453.46533,4,true,jadecrawford,Fun!23
320,Brian,Jacobson,8/23/52,Employee,2061.9016,2,false,brianjacobson,Fun!23
321,Francisco,Moore,12/31/59,Employee,567.92114,6,false,franciscomoore,Fun!23
322,Kathleen,Small,11/23/39,Employee,381.9391,2,false,kathleensmall,Fun!23
323,Lindsay,Webster,4/3/66,Employee,2211.4111,1,true,lindsaywebster,Fun!23
324,Michelle,Ortiz,12/13/86,Employee,27.686523,8,false,michelleortiz,Fun!23
325,Cheryl,Wilson,4/4/98,Employee,2183.1504,4,true,cherylwilson,Fun!23
326,Melissa,Rivera,3/23/29,Employee,660.6649,1,true,melissarivera,Fun!23
327,Bryan,Hardy,10/22/02,Employee,26.472595,8,false,bryanhardy,Fun!23
328,Jason,Wolfe,2/7/54,Employee,3371.525,6,true,jasonwolfe,Fun!23
329,Stacey,Paul,2/26/71,Employee,244.57776,1,true,staceypaul,Fun!23
330,Crystal,Johnson,2/16/74,Employee,5.898285,6,true,crystaljohnson,Fun!23
331,Jordan,Wilson,10/30/82,Employee,1420.6497,1,false,jordanwilson,Fun!23
332,Amanda,Shepherd,2/3/53,Employee,8.543945,7,true,amandashepherd,Fun!23
333,Alexander,Cameron,12/1/33,Employee,39.86389,6,false,alexandercameron,Fun!23
334,Kevin,Scott,2/9/85,Employee,2925.9604,8,false,kevinscott,Fun!23
335,Kyle,Taylor,10/6/98,Employee,2960.5063,7,false,kyletaylor,Fun!23
336,Kimberly,Garcia,6/1/79,Employee,449.06104,5,false,kimberlygarcia,Fun!23
337,Chelsea,Porter,4/3/40,Employee,3925.4001,1,false,chelseaporter,Fun!23
338,Emma,Armstrong,5/10/00,Employee,679.8701,6,true,emmaarmstrong,Fun!23
339,Courtney,Johnson,4/14/74,Employee,692.5958,1,false,courtneyjohnson,Fun!23
340,Ronald,Kent,7/26/35,Employee,619.3109,5,false,ronaldkent,Fun!23
341,Ricky,Thompson,7/28/52,Employee,2339.7876,2,true,rickythompson,Fun!23
342,Denise,Williams,8/29/00,Employee,3797.9722,1,true,denisewilliams,Fun!23
343,Jeffrey,Sloan,4/24/57,Employee,4619.227,6,false,jeffreysloan,Fun!23
344,Brian,Hayes,7/19/60,Employee,150.40073,8,false,brianhayes,Fun!23
345,Patricia,Glenn,3/29/44,Employee,3529.082,3,false,patriciaglenn,Fun!23
346,Caroline,Torres,12/28/86,Employee,515.2457,1,false,carolinetorres,Fun!23
347,Benjamin,Johnson,11/8/42,Employee,23.908722,1,true,benjaminjohnson,Fun!23
348,Christina,Wheeler,8/27/13,Employee,8.463562,4,true,christinawheeler,Fun!23
349,Valerie,Moore,12/31/00,Employee,7.6505737,1,false,valeriemoore,Fun!23
350,Deborah,Hunt,2/10/78,Employee,152.92215,6,true,deborahhunt,Fun!23
351,Sarah,Mosley,6/28/71,Employee,235.3706,2,true,sarahmosley,Fun!23
352,Donald,Haynes,11/22/44,Employee,244.91293,2,true,donaldhaynes,Fun!23
353,Lisa,Brown,5/29/09,Employee,1934.7473,2,true,lisabrown,Fun!23
354,Kenneth,Smith,9/25/02,Employee,99.193375,3,true,kennethsmith,Fun!23
355,Heidi,Barker,8/28/62,Employee,2358.8726,1,true,heidibarker,Fun!23
356,William,Wolf,1/23/20,Employee,316.8452,3,false,williamwolf,Fun!23
357,Elizabeth,Cordova,2/10/72,Employee,966.6987,3,true,elizabethcordova,Fun!23
358,Christopher,Jones,1/21/66,Employee,1040.1008,3,true,christopherjones,Fun!23
359,Robert,Wilson,8/6/30,Employee,2725.4568,8,false,robertwilson,Fun!23
360,Amber,Brown,11/8/30,Employee,874.55554,5,false,amberbrown,Fun!23
361,Antonio,Brooks,5/25/16,Employee,2415.776,7,false,antoniobrooks,Fun!23
362,Dakota,Bender,2/23/87,Employee,235.56274,7,false,dakotabender,Fun!23
363,Kevin,Swanson,9/13/60,Employee,657.43036,4,true,kevinswanson,Fun!23
364,Christopher,Dominguez,8/17/31,Employee,728.3906,6,true,christopherdominguez,Fun!23
365,Peggy,Murphy,12/26/85,Employee,267.28384,2,false,peggymurphy,Fun!23
366,Edward,Johnson,11/3/54,Employee,5616.3,2,true,edwardjohnson,Fun!23
367,Misty,Horton,1/31/46,Employee,342.4707,6,false,mistyhorton,Fun!23
368,Christopher,Foster,3/30/38,Employee,146.43262,8,false,christopherfoster,Fun!23
369,Carrie,Bennett,3/26/65,Employee,1657.1592,4,true,carriebennett,Fun!23
370,Natasha,Wheeler,5/26/73,Employee,2559.269,8,false,natashawheeler,Fun!23
371,Angel,Joseph,3/20/90,Employee,301.8064,3,true,angeljoseph,Fun!23
372,Daniel,Foster,6/2/05,Employee,1928.1814,3,true,danielfoster,Fun!23
373,Rhonda,Kane,3/12/68,Employee,384.33493,1,true,rhondakane,Fun!23
374,Jeffrey,Gonzalez,9/28/44,Employee,43.628815,1,false,jeffreygonzalez,Fun!23
375,Jeremiah,Williamson,6/9/80,Employee,973.06085,4,false,jeremiahwilliamson,Fun!23
376,Dean,Smith,4/24/71,Employee,49.852417,6,false,deansmith,Fun!23
377,Lisa,Stafford,4/3/18,Employee,693.58624,7,false,lisastafford,Fun!23
378,Travis,Ruiz,6/24/52,Employee,256.5293,5,false,travisruiz,Fun!23
379,Mary,Stevens,2/24/56,Employee,69.25757,8,true,marystevens,Fun!23
380,Shane,Arnold,9/13/72,Employee,743.82886,4,false,shanearnold,Fun!23
381,Teresa,Jacobs,10/24/74,Employee,4496.0967,3,true,teresajacobs,Fun!23
382,Joshua,Meadows,9/21/62,Employee,419.98438,5,true,joshuameadows,Fun!23
383,Thomas,Elliott,1/5/20,Employee,249.27509,1,false,thomaselliott,Fun!23
384,Elizabeth,Alvarez,2/2/61,Employee,3148.2224,1,false,elizabethalvarez,Fun!23
385,Alicia,Jenkins,5/7/44,Employee,4063.434,3,true,aliciajenkins,Fun!23
386,Jacob,Williams,4/27/75,Employee,1189.7661,1,true,jacobwilliams,Fun!23
387,Michele,Cummings,1/6/66,Employee,1788.2465,5,true,michelecummings,Fun!23
388,Craig,Oconnell,5/29/75,Employee,1686.44,7,true,craigoconnell,Fun!23
389,Joseph,Brooks,10/17/54,Employee,332.84702,1,false,josephbrooks,Fun!23
390,Anthony,Hardin,2/18/75,Employee,949.0261,1,false,anthonyhardin,Fun!23
391,Norman,Freeman,5/6/45,Employee,227.76196,4,true,normanfreeman,Fun!23
392,Devin,Diaz,4/4/53,Employee,647.82166,1,true,devindiaz,Fun!23
393,Donna,Travis,2/8/05,Employee,45.87793,5,true,donnatravis,Fun!23
394,Tanya,Kent,4/11/09,Employee,226.17299,7,true,tanyakent,Fun!23
395,Keith,Ellis,11/3/17,Employee,107.31763,6,false,keithellis,Fun!23
396,Anthony,Sims,8/26/60,Employee,142.30078,5,false,anthonysims,Fun!23
397,Krystal,Thompson,8/24/09,Employee,1036.8027,5,false,krystalthompson,Fun!23
398,Benjamin,Ramirez,4/12/00,Employee,765.0571,6,true,benjaminramirez,Fun!23
399,Scott,Rose,3/18/20,Employee,953.06055,4,false,scottrose,Fun!23
400,Jessica,Fernandez,7/30/54,Employee,4895.9736,3,true,jessicafernandez,Fun!23
401,Michael,Castillo,6/11/98,Employee,33.8349,5,true,michaelcastillo,Fun!23
402,Ruben,Edwards,2/4/21,Employee,5464.833,1,false,rubenedwards,Fun!23
403,Ashley,Wilcox,1/15/53,Employee,26.66504,5,false,ashleywilcox,Fun!23
404,Allison,Cross,10/14/49,Employee,772.82385,2,true,allisoncross,Fun!23
405,Anita,Stein,10/27/42,Employee,136.3145,1,false,anitastein,Fun!23
406,Sean,Hull,8/31/08,Employee,280.62775,1,true,seanhull,Fun!23
407,Ricardo,Rodriguez,3/8/59,Employee,2337.6064,2,true,ricardorodriguez,Fun!23
408,David,Soto,2/9/52,Employee,2227.6418,2,false,davidsoto,Fun!23
409,Kayla,Mahoney,8/25/26,Employee,265.02307,1,false,kaylamahoney,Fun!23
410,Ray,Huynh,7/11/88,Employee,150.819,2,false,rayhuynh,Fun!23
411,Terri,Mendez,11/19/49,Employee,2372.7993,6,false,terrimendez,Fun!23
412,Rachel,Roberson,10/13/70,Employee,354.38892,1,false,rachelroberson,Fun!23
413,Zachary,Tran,5/13/96,Employee,2047.7535,4,true,zacharytran,Fun!23
414,John,White,7/26/50,Employee,4665.71,3,true,johnwhite,Fun!23
415,Philip,Collins,8/23/78,Employee,396.7525,2,false,philipcollins,Fun!23
416,Hunter,Moore,12/12/85,Employee,85.85939,3,false,huntermoore,Fun!23
417,Nicole,Johnson,7/29/69,Employee,2630.8333,5,false,nicolejohnson,Fun!23
418,Adam,Bass,4/6/47,Employee,23.655182,1,true,adambass,Fun!23
419,Lisa,Spencer,9/18/88,Employee,457.00305,3,true,lisaspencer,Fun!23
420,Justin,Martinez,1/10/39,Employee,128.34839,8,false,justinmartinez,Fun!23
421,Anthony,Hunter,9/29/76,Employee,2078.8928,3,false,anthonyhunter,Fun!23
422,Doris,Moore,1/3/17,Employee,192.6576,5,true,dorismoore,Fun!23
423,Elizabeth,Cruz,7/5/23,Employee,657.5271,8,false,elizabethcruz,Fun!23
424,Randy,Keller,2/1/62,Employee,1294.3518,7,true,randykeller,Fun!23
425,Brandon,Neal,7/7/76,Employee,232.54233,2,true,brandonneal,Fun!23
426,Mark,Lamb,4/28/57,Employee,115.29538,3,true,marklamb,Fun!23
427,Tiffany,May,9/17/05,Employee,165.11938,1,false,tiffanymay,Fun!23
428,Krista,Blake,1/20/58,Employee,2433.062,1,true,kristablake,Fun!23
429,John,Morris,2/20/48,Employee,2503.9714,5,false,johnmorris,Fun!23
430,Jill,Solis,9/11/04,Employee,150.92517,2,false,jillsolis,Fun!23
431,Emma,Padilla,9/8/09,Employee,22.473816,2,false,emmapadilla,Fun!23
432,Becky,Gray,10/27/76,Employee,4937.7495,6,true,beckygray,Fun!23
433,Rita,Owens,10/31/88,Employee,3860.948,4,true,ritaowens,Fun!23
434,Kristina,Patrick,2/16/05,Employee,345.75735,4,false,kristinapatrick,Fun!23
435,Raymond,Woodward,7/5/27,Employee,632.3859,3,false,raymondwoodward,Fun!23
436,Rebecca,Brown,11/19/09,Employee,5.0006104,2,false,rebeccabrown,Fun!23
437,Samantha,Thomas,4/20/21,Employee,239.50952,4,true,samanthathomas,Fun!23
438,Patrick,Larsen,4/21/02,Employee,87.12744,6,false,patricklarsen,Fun!23
439,Emily,Brady,5/25/07,Employee,2442.4673,6,false,emilybrady,Fun!23
440,April,Turner,6/14/89,Employee,440.0146,6,true,aprilturner,Fun!23
441,Steven,Cabrera,8/20/61,Employee,359.81543,7,false,stevencabrera,Fun!23
442,Michael,Murray,11/12/48,Employee,651.5958,2,false,michaelmurray,Fun!23
443,Gregory,Carr,4/20/51,Employee,171.52417,8,false,gregorycarr,Fun!23
444,David,Davila,5/27/88,Employee,637.9104,7,false,daviddavila,Fun!23
445,Brandon,Smith,4/1/41,Employee,1981.9326,8,false,brandonsmith,Fun!23
446,Ryan,Wilkins,7/17/08,Employee,298.91357,2,false,ryanwilkins,Fun!23
447,Jon,Lopez,8/8/58,Employee,734.8605,7,true,jonlopez,Fun!23
448,Jennifer,Copeland,6/26/56,Employee,1045.9807,1,true,jennifercopeland,Fun!23
449,Alexis,Shea,6/3/96,Employee,940.54407,1,true,alexisshea,Fun!23
450,Gerald,Baker,4/4/20,Employee,978.4035,3,true,geraldbaker,Fun!23
451,Tara,Rodriguez,1/11/88,Employee,2857.8545,2,true,tararodriguez,Fun!23
452,Jerry,Hampton,3/1/51,Employee,68.45609,2,true,jerryhampton,Fun!23
453,Ray,Booth,9/23/79,Employee,1559.4916,5,false,raybooth,Fun!23
454,Michelle,Sexton,3/5/57,Employee,3849.6245,2,true,michellesexton,Fun!23
455,Kayla,Morgan,12/29/46,Employee,898.8237,1,true,kaylamorgan,Fun!23
456,Deborah,Scott,12/3/26,Employee,388.42236,3,false,deborahscott,Fun!23
457,Trevor,Young,7/25/55,Employee,1182.176,1,true,trevoryoung,Fun!23
458,Philip,Chaney,2/27/04,Employee,119.64148,6,false,philipchaney,Fun!23
459,Linda,Alexander,7/7/18,Employee,2242.1743,3,false,lindaalexander,Fun!23
460,Jason,Skinner,8/25/20,Employee,282.21817,5,false,jasonskinner,Fun!23
461,Anthony,Dalton,3/28/66,Employee,169.24841,8,true,anthonydalton,Fun!23
462,Kevin,Larson,11/3/10,Employee,4191.835,5,false,kevinlarson,Fun!23
463,Alexandra,Fox,8/8/02,Employee,3102.8496,7,false,alexandrafox,Fun!23
464,Gary,Miller,2/17/96,Employee,447.84424,2,false,garymiller,Fun!23
465,Crystal,Rice,10/5/11,Employee,88.493904,1,true,crystalrice,Fun!23
466,George,Wood,4/17/01,Employee,943.4154,1,false,georgewood,Fun!23
467,Christopher,Raymond,2/17/55,Employee,440.75708,4,false,christopherraymond,Fun!23
468,Wendy,Stanton,9/28/13,Employee,3951.6272,5,true,wendystanton,Fun!23
469,Theresa,Hardy,2/19/93,Employee,2261.5059,6,true,theresahardy,Fun!23
470,Barbara,Jones,7/14/66,Employee,124.59395,1,true,barbarajones,Fun!23
471,Alyssa,Reese,7/15/50,Employee,127.25757,2,false,alyssareese,Fun!23
472,Eric,Ramos,12/24/96,Employee,2413.1135,4,false,ericramos,Fun!23
473,Brian,Lopez,8/6/52,Employee,5237.307,2,true,brianlopez,Fun!23
474,Angela,Mcintyre,10/22/84,Employee,321.2138,1,true,angelamcintyre,Fun!23
475,Doris,Mercado,4/10/19,Employee,116.536575,1,true,dorismercado,Fun!23
476,Terri,Strickland,1/9/83,Employee,610.10657,2,true,terristrickland,Fun!23
477,Amy,Rodriguez,10/9/44,Employee,771.8301,1,true,amyrodriguez,Fun!23
478,Thomas,Bonilla,6/28/21,Employee,240.30817,1,false,thomasbonilla,Fun!23
479,Wesley,Lambert,5/22/77,Employee,140.20645,3,true,wesleylambert,Fun!23
480,Kelly,Bell,9/7/92,Employee,4146.216,6,false,kellybell,Fun!23
481,Michelle,Wood,3/9/06,Employee,610.6433,3,false,michellewood,Fun!23
482,Derek,Irwin,3/16/75,Employee,18.750671,2,true,derekirwin,Fun!23
483,Brandi,Gordon,5/11/46,Employee,71.247505,1,false,brandigordon,Fun!23
484,Julian,Gutierrez,8/10/15,Employee,11.425751,3,false,juliangutierrez,Fun!23
485,Samantha,Cooper,11/20/32,Employee,2187.9421,8,false,samanthacooper,Fun!23
486,Kevin,Gould,3/8/40,Employee,474.46106,3,true,kevingould,Fun!23
487,Michael,Fox,11/19/83,Employee,806.0936,1,false,michaelfox,Fun!23
488,Steven,Owens,6/28/13,Employee,132.7876,4,false,stevenowens,Fun!23
489,Amber,Sellers,5/3/04,Employee,121.19647,1,true,ambersellers,Fun!23
490,Jose,Evans,10/2/62,Employee,372.32996,3,true,joseevans,Fun!23
491,Jessica,Anderson,11/6/61,Employee,1128.0774,4,false,jessicaanderson,Fun!23
492,Joe,Cochran,4/20/77,Employee,2.2320557,2,true,joecochran,Fun!23
493,Michael,Robinson,3/4/61,Employee,7000.675,2,false,michaelrobinson,Fun!23
494,Matthew,Porter,2/2/60,Employee,7434.321,2,true,matthewporter,Fun!23
495,Angel,Barber,12/5/08,Employee,218.70447,2,true,angelbarber,Fun!23
496,Darlene,Shaw,1/26/10,Employee,348.11,7,false,darleneshaw,Fun!23
497,Gabriel,Hansen,1/20/34,Employee,1878.587,2,false,gabrielhansen,Fun!23
498,Brittany,Nielsen,1/7/60,Employee,2175.6404,1,false,brittanynielsen,Fun!23
499,Jessica,Frye,4/1/69,Employee,15.513718,4,false,jessicafrye,Fun!23
500,Bruce,Clark,5/11/17,Employee,3951.032,2,false,bruceclark,Fun!23
501,Justin,Davis,2/20/17,Employee,1188.3904,3,true,justindavis,Fun!23
502,Louis,Boone,7/1/43,Employee,2247.2527,2,true,louisboone,Fun!23
503,Amy,Mcpherson,11/30/72,Employee,407.89685,3,true,amymcpherson,Fun!23
504,Debra,Blackwell,12/22/74,Employee,515.319,5,true,debrablackwell,Fun!23
505,Angela,Lang,3/27/82,Employee,117.567566,3,false,angelalang,Fun!23
506,Danielle,Dorsey,1/11/16,Employee,2313.1196,5,true,danielledorsey,Fun!23
507,Hannah,Maldonado,5/25/10,Employee,1321.7915,1,false,hannahmaldonado,Fun!23
508,Michaela,Miranda,7/24/51,Employee,337.73917,2,false,michaelamiranda,Fun!23
509,Tami,Weaver,6/7/27,Employee,495.15234,7,false,tamiweaver,Fun!23
510,Edward,Jackson,6/13/37,Employee,339.74338,2,false,edwardjackson,Fun!23
511,Steven,Hernandez,6/21/27,Employee,3001.7275,5,true,stevenhernandez,Fun!23
512,Mary,Chapman,2/5/64,Employee,1123.5752,6,true,marychapman,Fun!23
513,Colleen,Torres,8/21/99,Employee,590.005,7,true,colleentorres,Fun!23
514,Jennifer,Mills,3/28/37,Employee,2148.0093,5,false,jennifermills,Fun!23
515,Wendy,Campos,11/8/40,Employee,168.72412,6,true,wendycampos,Fun!23
516,Bobby,Bennett,8/29/93,Employee,634.6317,6,true,bobbybennett,Fun!23
517,Michael,Adams,11/22/77,Employee,1435.0178,4,true,michaeladams,Fun!23
518,Jamie,Conner,9/5/14,Employee,779.18994,5,false,jamieconner,Fun!23
519,Christopher,Sanford,3/21/79,Employee,332.01752,6,true,christophersanford,Fun!23
520,Margaret,Smith,7/7/43,Employee,1132.8474,5,false,margaretsmith,Fun!23
521,Michael,Morton,10/31/05,Employee,202.61307,2,false,michaelmorton,Fun!23
522,Noah,Horne,1/21/80,Employee,519.66943,2,true,noahhorne,Fun!23
523,Kim,Contreras,10/12/70,Employee,187.65648,1,true,kimcontreras,Fun!23
524,Tiffany,Davis,10/1/99,Employee,3137.1116,3,false,tiffanydavis,Fun!23
525,Victoria,Moses,9/19/19,Employee,1377.55,3,false,victoriamoses,Fun!23
526,Robin,Watson,6/5/67,Employee,8925.823,4,true,robinwatson,Fun!23
527,Christopher,Melendez,12/16/92,Employee,353.25363,2,true,christophermelendez,Fun!23
528,Nancy,Robles,9/3/04,Employee,1716.9792,5,true,nancyrobles,Fun!23
529,Kaylee,Hale,9/27/36,Employee,1381.223,3,true,kayleehale,Fun!23
530,Ryan,Brown,2/20/83,Employee,980.61743,2,true,ryanbrown,Fun!23
531,Grace,Kelley,6/24/42,Employee,297.2224,1,true,gracekelley,Fun!23
532,Alexander,Carter,3/30/73,Employee,5734.273,3,true,alexandercarter,Fun!23
533,Dennis,Reynolds,8/13/25,Employee,152.42642,2,true,dennisreynolds,Fun!23
534,Jenna,Chase,5/5/56,Employee,173.69714,4,true,jennachase,Fun!23
535,Michelle,Pruitt,5/18/03,Employee,117.46433,1,false,michellepruitt,Fun!23
536,Sherri,Velasquez,3/7/37,Employee,3678.4546,3,false,sherrivelasquez,Fun!23
537,Darlene,Russell,10/20/75,Employee,9773.116,5,false,darlenerussell,Fun!23
538,Jessica,Olsen,10/25/28,Employee,3712.0146,5,false,jessicaolsen,Fun!23
539,Lisa,Robinson,9/8/43,Employee,728.07104,1,true,lisarobinson,Fun!23
540,Michael,Martinez,10/15/17,Employee,1069.3456,1,true,michaelmartinez,Fun!23
541,Richard,Edwards,9/25/39,Employee,521.1633,6,false,richardedwards,Fun!23
542,Amy,Chase,5/25/42,Employee,78.77246,3,true,amychase,Fun!23
543,Amanda,Vang,11/19/89,Employee,884.84753,3,false,amandavang,Fun!23
544,Angela,Walker,2/13/34,Employee,123.50354,2,true,angelawalker,Fun!23
545,Kylie,Summers,5/27/40,Employee,41.524963,6,true,kyliesummers,Fun!23
546,Brandy,Valenzuela,9/26/59,Employee,990.10583,8,false,brandyvalenzuela,Fun!23
547,Courtney,Tran,6/25/39,Employee,99.007324,7,true,courtneytran,Fun!23
548,Ryan,Bowman,12/27/46,Employee,47.064636,1,false,ryanbowman,Fun!23
549,Kathleen,Hines,12/16/00,Employee,1599.9329,7,false,kathleenhines,Fun!23
550,Ryan,Sullivan,9/24/54,Employee,6.787201,8,true,ryansullivan,Fun!23
551,Kimberly,Johnson,5/26/34,Employee,242.81168,2,false,kimberlyjohnson,Fun!23
552,Kelly,Harris,11/25/50,Employee,1931.3942,4,true,kellyharris,Fun!23
553,William,Evans,2/9/99,Employee,459.03757,2,true,williamevans,Fun!23
554,Dakota,Harper,12/18/55,Employee,614.79736,6,false,dakotaharper,Fun!23
555,Martha,Perry,3/9/46,Employee,762.97437,8,false,marthaperry,Fun!23
556,Brittany,Weaver,4/13/17,Employee,193.96643,4,true,brittanyweaver,Fun!23
557,Rodney,Berg,11/9/80,Employee,531.31934,4,false,rodneyberg,Fun!23
558,Heidi,Page,6/1/02,Employee,350.76337,3,true,heidipage,Fun!23
559,Bobby,Gonzales,9/13/32,Employee,7.2490234,3,true,bobbygonzales,Fun!23
560,Jake,Mitchell,4/5/43,Employee,1782.3093,3,true,jakemitchell,Fun!23
561,Gerald,Beltran,2/11/96,Employee,62.88803,5,true,geraldbeltran,Fun!23
562,Joel,Welch,6/22/07,Employee,625.7789,1,true,joelwelch,Fun!23
563,Diana,Matthews,2/23/81,Employee,1081.119,2,false,dianamatthews,Fun!23
564,Christopher,Johnson,1/24/78,Employee,414.50928,1,true,christopherjohnson,Fun!23
565,Ricky,Gardner,1/25/00,Employee,888.4999,1,false,rickygardner,Fun!23
566,Corey,Wilson,12/16/86,Employee,838.6704,1,true,coreywilson,Fun!23
567,Barbara,Lane,8/9/78,Employee,55.33545,5,false,barbaralane,Fun!23
568,Dylan,Lopez,2/14/58,Employee,99.02432,1,false,dylanlopez,Fun!23
569,Martin,Edwards,5/19/91,Employee,285.8512,5,false,martinedwards,Fun!23
570,Misty,Jimenez,8/24/10,Employee,452.75916,7,true,mistyjimenez,Fun!23
571,Chris,Jones,11/20/98,Employee,315.5083,6,true,chrisjones,Fun!23
572,Robert,Leblanc,5/20/25,Employee,3447.4434,8,true,robertleblanc,Fun!23
573,Brandon,Dillon,8/4/25,Employee,1353.0344,3,true,brandondillon,Fun!23
574,Chad,Clark,6/21/79,Employee,99.298706,7,false,chadclark,Fun!23
575,Danielle,Gardner,1/18/49,Employee,474.20554,2,false,daniellegardner,Fun!23
576,Bradley,Bell,11/19/32,Employee,471.85913,7,false,bradleybell,Fun!23
577,Christopher,Craig,1/30/36,Employee,127.91089,5,true,christophercraig,Fun!23
578,Jamie,Hernandez,4/1/53,Employee,965.34973,5,true,jamiehernandez,Fun!23
579,David,Costa,11/20/07,Employee,217.40381,4,true,davidcosta,Fun!23
580,Theresa,Clark,4/27/30,Employee,146.46875,5,false,theresaclark,Fun!23
581,Cassandra,Cook,6/27/12,Employee,71.91846,5,true,cassandracook,Fun!23
582,Dana,Jones,7/26/88,Employee,2535.5322,5,false,danajones,Fun!23
583,Phillip,Brown,8/6/69,Employee,1403.561,7,true,phillipbrown,Fun!23
584,Andrew,Torres,9/17/85,Employee,886.5978,1,true,andrewtorres,Fun!23
585,Sheri,Adams,8/20/00,Employee,589.1787,6,false,sheriadams,Fun!23
586,Heather,Little,7/29/85,Employee,48.14807,6,true,heatherlittle,Fun!23
587,James,Morgan,12/12/96,Employee,1244.8644,5,false,jamesmorgan,Fun!23
588,Cynthia,Powell,12/30/43,Employee,4211.4814,8,false,cynthiapowell,Fun!23
589,Joseph,Macdonald,3/11/03,Employee,6.981079,7,false,josephmacdonald,Fun!23
590,Jeff,Ray,9/4/62,Employee,2330.9915,5,true,jeffray,Fun!23
591,Michelle,Ramirez,4/16/61,Employee,13.455017,3,true,michelleramirez,Fun!23
592,Christina,Jones,9/14/49,Employee,168.16006,6,false,christinajones,Fun!23
593,Alyssa,Smith,3/1/67,Employee,107.386444,5,false,alyssasmith,Fun!23
594,Anthony,Brooks,7/26/15,Employee,247.83247,1,false,anthonybrooks,Fun!23
595,Anthony,Barber,9/8/91,Employee,777.78186,2,true,anthonybarber,Fun!23
596,James,Brennan,3/12/36,Employee,557.31226,3,true,jamesbrennan,Fun!23
597,Heather,Robbins,10/1/39,Employee,3577.0508,2,true,heatherrobbins,Fun!23
598,Sarah,Anderson,7/21/89,Employee,1456.3053,6,false,sarahanderson,Fun!23
599,Darin,Baker,12/7/57,Employee,745.1967,1,false,darinbaker,Fun!23
600,Jennifer,Smith,12/15/56,Employee,886.7736,1,true,jennifersmith,Fun!23
601,David,Harvey,6/15/43,Employee,293.9164,1,false,davidharvey,Fun!23
602,Shannon,White,6/28/81,Employee,211.46606,4,true,shannonwhite,Fun!23
603,Brian,Gates,2/22/71,Employee,2145.2588,8,false,briangates,Fun!23
604,Victor,Ross,8/11/00,Employee,12.344849,5,true,victorross,Fun!23
605,Antonio,Edwards,8/5/53,Employee,1119.5593,3,false,antonioedwards,Fun!23
606,Lawrence,Price,12/14/84,Employee,35.560516,5,false,lawrenceprice,Fun!23
607,Sarah,Cline,8/21/74,Employee,3263.6147,8,true,sarahcline,Fun!23
608,Linda,Robles,7/2/57,Employee,1066.4619,2,false,lindarobles,Fun!23
609,Amber,Nguyen,10/31/49,Employee,981.0001,2,false,ambernguyen,Fun!23
610,Rick,Parrish,8/4/32,Employee,60.201233,2,true,rickparrish,Fun!23
611,Edward,Molina,12/20/09,Employee,2355.107,4,false,edwardmolina,Fun!23
612,Darren,Gibbs,3/13/06,Employee,38.361267,8,false,darrengibbs,Fun!23
613,Andrew,Mcclure,12/21/05,Employee,524.80457,1,true,andrewmcclure,Fun!23
614,Michael,King,12/12/48,Employee,275.02518,3,true,michaelking,Fun!23
615,Vanessa,Watson,12/1/85,Employee,835.8529,5,true,vanessawatson,Fun!23
616,Jerry,Smith,6/21/07,Employee,13.315674,6,true,jerrysmith,Fun!23
617,Andrew,Marshall,10/16/42,Employee,33.730965,1,true,andrewmarshall,Fun!23
618,Janet,Hughes,9/15/96,Employee,1034.0188,7,true,janethughes,Fun!23
619,Tyler,Baxter,1/26/76,Employee,359.18112,3,false,tylerbaxter,Fun!23
620,Amber,Long,2/13/80,Employee,100.153656,2,true,amberlong,Fun!23
621,Jared,Perry,6/21/89,Employee,6841.2363,5,false,jaredperry,Fun!23
622,Natalie,Richardson,12/27/26,Employee,1737.5474,4,true,natalierichardson,Fun!23
623,Erika,Lopez,10/30/00,Employee,31.1203,4,true,erikalopez,Fun!23
624,Michelle,Walsh,3/30/47,Employee,195.86737,1,true,michellewalsh,Fun!23
625,Anthony,Carson,3/28/56,Employee,494.01764,4,true,anthonycarson,Fun!23
626,Heather,Cunningham,6/13/82,Employee,2357.5479,1,true,heathercunningham,Fun!23
627,Ronald,Bond,2/2/86,Employee,2787.2966,2,true,ronaldbond,Fun!23
628,Sherri,Armstrong,12/6/21,Employee,32.929688,7,true,sherriarmstrong,Fun!23
629,Jacob,Contreras,9/30/01,Employee,180.36816,8,true,jacobcontreras,Fun!23
630,Colleen,Sanchez,7/30/35,Employee,304.45758,2,false,colleensanchez,Fun!23
631,Derek,Lopez,3/21/10,Employee,1026.5728,1,true,dereklopez,Fun!23
632,Kayla,Smith,5/28/51,Employee,637.8082,2,true,kaylasmith,Fun!23
633,Christopher,Osborne,5/23/00,Employee,22.549553,1,false,christopherosborne,Fun!23
634,Mercedes,Nichols,11/17/61,Employee,12.619553,1,true,mercedesnichols,Fun!23
635,Beth,Sharp,9/3/57,Employee,1058.8071,6,false,bethsharp,Fun!23
636,Scott,Bailey,7/2/75,Employee,469.40192,1,false,scottbailey,Fun!23
637,Crystal,Young,9/17/39,Employee,2851.13,5,false,crystalyoung,Fun!23
638,Allen,Arnold,2/8/71,Employee,7245.0557,2,false,allenarnold,Fun!23
639,Donald,Tran,9/21/41,Employee,182.05005,5,false,donaldtran,Fun!23
640,Christopher,Fields,12/2/56,Employee,302.49634,6,true,christopherfields,Fun!23
641,Luis,Johnson,9/19/78,Employee,17.462639,2,true,luisjohnson,Fun!23
642,Krista,Lambert,6/7/67,Employee,213.19992,5,true,kristalambert,Fun!23
643,Nicholas,Copeland,7/1/59,Employee,563.7268,1,true,nicholascopeland,Fun!23
644,Mark,Rogers,10/26/71,Employee,322.98877,5,true,markrogers,Fun!23
645,Jessica,Ramirez,1/3/34,Employee,152.6991,2,false,jessicaramirez,Fun!23
646,Matthew,Gonzalez,6/30/56,Employee,56.68155,2,true,matthewgonzalez,Fun!23
647,Rose,Burgess,11/9/42,Employee,1437.1984,7,true,roseburgess,Fun!23
648,Holly,Schneider,8/23/49,Employee,6892.5796,2,true,hollyschneider,Fun!23
649,Joanna,Knight,2/11/27,Employee,333.6184,4,false,joannaknight,Fun!23
650,David,Cox,6/2/68,Employee,173.72238,8,false,davidcox,Fun!23
651,Elizabeth,Reyes,11/4/37,Employee,7609.8237,7,true,elizabethreyes,Fun!23
652,Melissa,Mcdonald,3/8/16,Employee,646.5049,4,false,melissamcdonald,Fun!23
653,James,Anderson,11/20/98,Employee,4334.115,2,true,jamesanderson,Fun!23
654,Loretta,Phillips,6/21/14,Employee,2165.7512,2,false,lorettaphillips,Fun!23
655,Gina,Swanson,7/6/69,Employee,505.8083,7,false,ginaswanson,Fun!23
656,Kimberly,Martinez,6/16/83,Employee,5974.245,2,false,kimberlymartinez,Fun!23
657,Stephanie,Kirby,9/4/90,Employee,4019.4316,5,true,stephaniekirby,Fun!23
658,Teresa,Gardner,6/19/46,Employee,98.00214,1,true,teresagardner,Fun!23
659,Brandon,Flores,4/3/73,Employee,154.06364,2,true,brandonflores,Fun!23
660,Anthony,Moore,10/16/17,Employee,209.73438,6,false,anthonymoore,Fun!23
661,Steven,Hartman,6/19/11,Employee,486.67395,3,true,stevenhartman,Fun!23
662,Derek,Macias,7/11/26,Employee,2706.0684,1,true,derekmacias,Fun!23
663,Christopher,Robinson,2/3/44,Employee,1046.1184,3,false,christopherrobinson,Fun!23
664,Scott,Dunn,9/18/76,Employee,4166.307,1,false,scottdunn,Fun!23
665,Lawrence,Henry,9/13/84,Employee,168.62094,2,false,lawrencehenry,Fun!23
666,Gabriel,Sanders,6/11/76,Employee,1291.3601,4,true,gabrielsanders,Fun!23
667,Lori,Hall,3/18/80,Employee,1555.1293,8,true,lorihall,Fun!23
668,Brittany,Richard,1/15/66,Employee,205.34961,6,false,brittanyrichard,Fun!23
669,Sarah,Jones,3/4/69,Employee,2172.0203,4,false,sarahjones,Fun!23
670,Nicholas,Jackson,3/3/16,Employee,1729.0691,1,true,nicholasjackson,Fun!23
671,Julia,Jones,8/4/66,Employee,635.6874,2,true,juliajones,Fun!23
672,Jennifer,Schultz,7/10/55,Employee,1617.2988,1,false,jenniferschultz,Fun!23
673,Ashley,Walker,7/10/79,Employee,2621.196,6,false,ashleywalker,Fun!23
674,Michael,Parrish,11/15/76,Employee,19.09906,6,true,michaelparrish,Fun!23
675,Alyssa,Poole,4/19/08,Employee,1305.5604,2,false,alyssapoole,Fun!23
676,William,Ortiz,10/18/15,Employee,50.409035,1,true,williamortiz,Fun!23
677,Jason,Clark,2/11/10,Employee,254.74014,4,true,jasonclark,Fun!23
678,Jason,Lee,12/13/79,Employee,1045.9814,6,true,jasonlee,Fun!23
679,Lisa,Miller,11/29/73,Employee,1154.1283,8,true,lisamiller,Fun!23
680,Tyrone,Johnston,7/11/06,Employee,48.141846,8,true,tyronejohnston,Fun!23
681,Linda,Rodriguez,6/7/94,Employee,488.3755,5,false,lindarodriguez,Fun!23
682,Kenneth,Davis,7/26/93,Employee,189.73688,2,false,kennethdavis,Fun!23
683,Sarah,Griffin,8/11/68,Employee,391.30835,3,true,sarahgriffin,Fun!23
684,Rebecca,Nguyen,8/11/49,Employee,21.404053,8,false,rebeccanguyen,Fun!23
685,Anna,Davis,10/19/40,Employee,839.9846,3,false,annadavis,Fun!23
686,Cynthia,Giles,9/9/23,Employee,78.21228,1,false,cynthiagiles,Fun!23
687,Mary,Gonzalez,11/2/83,Employee,1743.0613,2,false,marygonzalez,Fun!23
688,Ann,Miller,12/30/07,Employee,46.160034,6,true,annmiller,Fun!23
689,Jose,Farley,7/25/41,Employee,8909.352,2,true,josefarley,Fun!23
690,Carl,Foley,5/6/84,Employee,166.43762,4,true,carlfoley,Fun!23
691,Christine,Ellis,2/8/64,Employee,381.71588,4,false,christineellis,Fun!23
692,John,Blevins,10/25/13,Employee,295.93506,4,true,johnblevins,Fun!23
693,Travis,Burton,10/19/68,Employee,567.0841,1,false,travisburton,Fun!23
694,Timothy,Bernard,3/10/49,Employee,97.35115,4,true,timothybernard,Fun!23
695,Christina,Dodson,10/25/43,Employee,1645.9075,2,true,christinadodson,Fun!23
696,Andrew,Atkins,9/30/76,Employee,2.9977112,1,false,andrewatkins,Fun!23
697,Jeffrey,Best,3/8/15,Employee,675.36475,4,true,jeffreybest,Fun!23
698,Perry,Hill,11/22/84,Employee,268.0893,7,false,perryhill,Fun!23
699,Mary,Lee,1/30/87,Employee,966.2496,4,true,marylee,Fun!23
700,Julia,Young,6/28/28,Employee,1018.15656,2,false,juliayoung,Fun!23
701,John,Blair,3/1/85,Employee,233.74274,2,true,johnblair,Fun!23
702,John,Hill,5/22/82,Employee,338.69458,1,false,johnhill,Fun!23
703,Wesley,Williamson,5/17/91,Employee,542.67725,8,false,wesleywilliamson,Fun!23
704,Christopher,Davis,3/21/96,Employee,5646.682,2,false,christopherdavis,Fun!23
705,Leonard,King,9/16/19,Employee,469.32648,3,true,leonardking,Fun!23
706,Gary,Smith,2/23/63,Employee,25.608154,2,false,garysmith,Fun!23
707,Thomas,Sanders,4/21/46,Employee,485.79327,1,false,thomassanders,Fun!23
708,John,Davis,5/3/61,Employee,1059.6869,3,false,johndavis,Fun!23
709,Thomas,Hall,5/11/25,Employee,1627.1444,7,false,thomashall,Fun!23
710,Douglas,Hernandez,10/27/23,Employee,225.83911,6,false,douglashernandez,Fun!23
711,Miranda,Mason,6/25/51,Employee,241.69608,3,false,mirandamason,Fun!23
712,Teresa,Stewart,12/12/17,Employee,54.74353,6,true,teresastewart,Fun!23
713,Anthony,Adams,10/25/73,Employee,765.8319,6,false,anthonyadams,Fun!23
714,Timothy,Jones,4/21/57,Employee,83.31846,1,true,timothyjones,Fun!23
715,Jermaine,Dean,6/17/93,Employee,392.81104,1,false,jermainedean,Fun!23
716,Joshua,Banks,1/3/04,Employee,366.96228,8,false,joshuabanks,Fun!23
717,Daniel,Smith,7/31/31,Employee,174.0553,1,false,danielsmith,Fun!23
718,Victor,Harris,5/20/26,Employee,4441.507,6,true,victorharris,Fun!23
719,Phillip,Meyer,12/31/34,Employee,474.49335,3,true,phillipmeyer,Fun!23
720,Cody,Robles,12/1/02,Employee,150.47803,5,false,codyrobles,Fun!23
721,Carmen,Hays,1/23/85,Employee,1528.5991,6,false,carmenhays,Fun!23
722,Jorge,Haley,2/1/30,Employee,317.87326,5,false,jorgehaley,Fun!23
723,Sean,Hernandez,8/18/83,Employee,30.379944,4,true,seanhernandez,Fun!23
724,Kelly,Jordan,1/4/24,Employee,472.32202,8,true,kellyjordan,Fun!23
725,Joshua,Hickman,1/5/24,Employee,487.98752,4,false,joshuahickman,Fun!23
726,Jennifer,Guzman,6/13/02,Employee,1496.2914,3,true,jenniferguzman,Fun!23
727,Nathan,Thompson,7/17/47,Employee,205.33627,2,true,nathanthompson,Fun!23
728,William,Adkins,12/24/00,Employee,486.06882,1,false,williamadkins,Fun!23
729,Willie,Hobbs,3/7/08,Employee,953.7694,5,true,williehobbs,Fun!23
730,Holly,Cruz,7/4/15,Employee,320.31625,1,false,hollycruz,Fun!23
731,John,Jones,3/17/31,Employee,211.4674,5,true,johnjones,Fun!23
732,Allison,Weaver,10/26/90,Employee,5775.111,1,true,allisonweaver,Fun!23
733,Michael,Nunez,2/11/99,Employee,467.6749,1,false,michaelnunez,Fun!23
734,Douglas,Bryant,9/30/55,Employee,267.7871,1,false,douglasbryant,Fun!23
735,Christopher,Underwood,9/18/08,Employee,1736.2147,5,false,christopherunderwood,Fun!23
736,Kimberly,Roberts,10/11/01,Employee,1619.7883,3,true,kimberlyroberts,Fun!23
737,Michael,Cowan,6/28/98,Employee,523.6118,3,true,michaelcowan,Fun!23
738,Michael,Mccormick,12/25/25,Employee,542.6484,1,true,michaelmccormick,Fun!23
739,Jennifer,Bailey,11/5/77,Employee,52.424408,6,true,jenniferbailey,Fun!23
740,Jerry,Gamble,7/22/41,Employee,1786.0999,1,false,jerrygamble,Fun!23
741,Henry,Salazar,9/12/53,Employee,1420.2076,7,false,henrysalazar,Fun!23
742,Kevin,Boone,4/27/53,Employee,19.22818,1,false,kevinboone,Fun!23
743,Rodney,Mcneil,2/11/03,Employee,3447.8247,2,false,rodneymcneil,Fun!23
744,Angela,Carney,1/26/29,Employee,141.4363,2,false,angelacarney,Fun!23
745,Dennis,Smith,3/28/04,Employee,1250.8413,3,true,dennissmith,Fun!23
746,Jared,Scott,12/2/92,Employee,276.3086,1,true,jaredscott,Fun!23
747,Monica,Craig,8/31/16,Employee,24.970581,1,false,monicacraig,Fun!23
748,Sandy,Blackwell,6/28/41,Employee,7611.305,1,false,sandyblackwell,Fun!23
749,Brittney,Daniel,9/9/65,Employee,30.989532,4,true,brittneydaniel,Fun!23
750,Rebecca,Fisher,10/5/54,Employee,726.70013,3,false,rebeccafisher,Fun!23
751,Nicole,Hart,1/4/53,Employee,4409.9873,1,true,nicolehart,Fun!23
752,Howard,Davenport,1/5/13,Employee,122.6167,3,true,howarddavenport,Fun!23
753,Anita,Fletcher,2/25/26,Employee,380.74997,4,false,anitafletcher,Fun!23
754,Elizabeth,Torres,6/29/22,Employee,226.83194,7,true,elizabethtorres,Fun!23
755,Jeffrey,Rodriguez,11/30/56,Employee,3705.6265,7,true,jeffreyrodriguez,Fun!23
756,Megan,Smith,11/28/32,Employee,186.44336,5,false,megansmith,Fun!23
757,David,Summers,12/4/66,Employee,202.36703,2,true,davidsummers,Fun!23
758,Brian,Rojas,5/26/38,Employee,279.29626,3,false,brianrojas,Fun!23
759,Jennifer,Carr,7/1/50,Employee,935.2123,4,false,jennifercarr,Fun!23
760,Tiffany,Jones,11/28/87,Employee,11.801819,3,true,tiffanyjones,Fun!23
761,Catherine,Mann,3/12/37,Employee,109.494995,6,true,catherinemann,Fun!23
762,Sara,Fox,5/27/66,Employee,145.87631,1,true,sarafox,Fun!23
763,Jeremy,Foster,5/15/69,Employee,2644.284,1,true,jeremyfoster,Fun!23
764,Michael,Flores,3/23/99,Employee,262.4265,1,true,michaelflores,Fun!23
765,William,Rice,1/20/53,Employee,751.6758,3,false,williamrice,Fun!23
766,Rachel,Hart,1/6/34,Employee,341.13672,7,false,rachelhart,Fun!23
767,Richard,Sullivan,5/21/16,Employee,198.14331,5,false,richardsullivan,Fun!23
768,Jennifer,Evans,2/25/34,Employee,1028.922,4,true,jenniferevans,Fun!23
769,Brandy,Wilkerson,4/24/56,Employee,450.24774,5,true,brandywilkerson,Fun!23
770,Laurie,Mendoza,1/20/83,Employee,299.30267,3,true,lauriemendoza,Fun!23
771,Michelle,Ray,1/2/19,Employee,78.70099,3,true,michelleray,Fun!23
772,Alexis,Black,7/27/56,Employee,6684.712,2,true,alexisblack,Fun!23
773,Sean,Smith,12/3/98,Employee,323.7,4,true,seansmith,Fun!23
774,Elizabeth,Dominguez,11/11/88,Employee,5463.1724,6,true,elizabethdominguez,Fun!23
775,Lori,Johnson,10/21/61,Employee,2460.6406,3,false,lorijohnson,Fun!23
776,Bryan,Fields,1/23/72,Employee,121.05725,4,false,bryanfields,Fun!23
777,Michael,Thomas,9/8/16,Employee,2889.8647,5,true,michaelthomas,Fun!23
778,Craig,Brown,2/25/83,Employee,397.86328,2,false,craigbrown,Fun!23
779,Sabrina,Nguyen,5/24/37,Employee,438.36145,2,true,sabrinanguyen,Fun!23
780,Hayden,Mcdaniel,10/9/02,Employee,146.3664,1,true,haydenmcdaniel,Fun!23
781,Michelle,Rivera,11/20/34,Employee,2524.563,1,true,michellerivera,Fun!23
782,Alexandra,Simpson,5/3/97,Employee,71.06952,2,false,alexandrasimpson,Fun!23
783,Richard,Paul,11/22/40,Employee,16.638947,1,false,richardpaul,Fun!23
784,Keith,Christensen,8/20/96,Employee,457.1758,1,false,keithchristensen,Fun!23
785,Patrick,Bennett,5/4/69,Employee,284.73132,4,false,patrickbennett,Fun!23
786,Patricia,Mcdonald,11/9/62,Employee,903.98584,7,false,patriciamcdonald,Fun!23
787,Tracy,Fitzgerald,12/2/43,Employee,1028.6259,1,true,tracyfitzgerald,Fun!23
788,Kathy,Smith,1/9/66,Employee,687.7212,2,false,kathysmith,Fun!23
789,Teresa,Taylor,10/7/57,Employee,9.20047,5,false,teresataylor,Fun!23
790,Hector,Whitney,8/28/27,Employee,63.984375,6,true,hectorwhitney,Fun!23
791,Timothy,Johnson,2/28/64,Employee,189.43903,2,false,timothyjohnson,Fun!23
792,Alyssa,Kelly,3/13/48,Employee,811.98303,7,false,alyssakelly,Fun!23
793,Colleen,Hall,8/3/25,Employee,699.17236,5,true,colleenhall,Fun!23
794,Erin,Jones,6/15/42,Employee,4662.9814,3,false,erinjones,Fun!23
795,Mark,Stewart,12/8/58,Employee,1622.7633,2,true,markstewart,Fun!23
796,Debra,Raymond,6/22/71,Employee,309.76624,5,false,debraraymond,Fun!23
797,Erin,Mejia,5/1/04,Employee,201.60254,2,false,erinmejia,Fun!23
798,Micheal,Sanders,7/11/61,Employee,215.23248,2,false,michealsanders,Fun!23
799,Stephanie,Obrien,4/6/22,Employee,1978.145,7,true,stephanieobrien,Fun!23
800,Holly,Davidson,5/16/61,Employee,2608.654,5,false,hollydavidson,Fun!23
801,George,Ayala,12/28/95,Employee,9.160004,7,false,georgeayala,Fun!23
802,Michelle,Oliver,11/12/85,Employee,154.84326,1,true,michelleoliver,Fun!23
803,George,Proctor,3/25/49,Employee,67.83124,4,false,georgeproctor,Fun!23
804,Michelle,Griffin,1/13/00,Employee,2445.1946,8,true,michellegriffin,Fun!23
805,Michelle,Maynard,8/29/33,Employee,306.1916,2,false,michellemaynard,Fun!23
806,Elizabeth,Castillo,7/15/13,Employee,900.543,3,false,elizabethcastillo,Fun!23
807,Jonathan,Martinez,11/7/60,Employee,206.09912,7,true,jonathanmartinez,Fun!23
808,Tanya,Johnson,2/7/49,Employee,314.49365,8,true,tanyajohnson,Fun!23
809,Megan,Thompson,6/15/45,Employee,28.84671,2,false,meganthompson,Fun!23
810,Emily,Estes,2/14/20,Employee,526.74316,4,false,emilyestes,Fun!23
811,Melissa,Johnson,1/25/73,Employee,426.52692,8,false,melissajohnson,Fun!23
812,Casey,Navarro,9/26/27,Employee,81.90057,7,false,caseynavarro,Fun!23
813,Shawn,Lee,12/28/19,Employee,539.279,1,true,shawnlee,Fun!23
814,Brandi,Daniel,11/21/27,Employee,111.72119,2,false,brandidaniel,Fun!23
815,Jose,Smith,10/2/34,Employee,1990.1198,1,false,josesmith,Fun!23
816,Alicia,Moran,6/5/21,Employee,5342.6826,4,true,aliciamoran,Fun!23
817,Jennifer,Jones,3/20/53,Employee,236.7472,6,false,jenniferjones,Fun!23
818,Andrew,Norris,1/29/90,Employee,2109.2542,7,false,andrewnorris,Fun!23
819,Maria,Young,12/24/45,Employee,123.03668,1,true,mariayoung,Fun!23
820,Ann,Rogers,2/11/29,Employee,235.58435,7,false,annrogers,Fun!23
821,Felicia,Carlson,10/3/48,Employee,229.65723,3,true,feliciacarlson,Fun!23
822,Chad,Green,12/28/26,Employee,527.6428,8,false,chadgreen,Fun!23
823,Tanya,Turner,12/23/06,Employee,373.1006,1,true,tanyaturner,Fun!23
824,Joseph,Fritz,7/26/65,Employee,378.427,7,false,josephfritz,Fun!23
825,James,Simpson,5/17/51,Employee,433.58115,1,false,jamessimpson,Fun!23
826,Ernest,Bentley,3/24/77,Employee,639.3393,5,true,ernestbentley,Fun!23
827,Crystal,Hayes,8/1/01,Employee,102.07568,3,false,crystalhayes,Fun!23
828,Jessica,Lloyd,4/25/31,Employee,638.17834,3,true,jessicalloyd,Fun!23
829,Julie,Shaw,5/23/45,Employee,15.632141,2,true,julieshaw,Fun!23
830,Mark,Thompson,4/2/82,Employee,824.5772,1,false,markthompson,Fun!23
831,Michael,Prince,4/3/81,Employee,8676.029,2,true,michaelprince,Fun!23
832,Craig,Fleming,3/3/09,Employee,93.32263,3,true,craigfleming,Fun!23
833,Michael,Williamson,5/3/15,Employee,2478.5615,1,false,michaelwilliamson,Fun!23
834,Sarah,Stanton,1/6/26,Employee,439.69385,6,true,sarahstanton,Fun!23
835,Marcia,Snyder,4/29/93,Employee,702.2197,2,false,marciasnyder,Fun!23
836,Gary,Park,3/3/68,Employee,1104.5641,1,true,garypark,Fun!23
837,Cynthia,Ellis,6/22/31,Employee,1046.3562,4,false,cynthiaellis,Fun!23
838,Victoria,White,8/24/55,Employee,321.20972,5,true,victoriawhite,Fun!23
839,Juan,Brock,5/4/08,Employee,2680.3604,5,false,juanbrock,Fun!23
840,Sandra,Newton,1/19/84,Employee,348.61023,7,false,sandranewton,Fun!23
841,Victor,Anderson,9/29/82,Employee,1807.2637,5,false,victoranderson,Fun!23
842,Dana,Miller,2/27/13,Employee,905.1752,5,true,danamiller,Fun!23
843,Kevin,Tran,5/13/60,Employee,61.37329,2,false,kevintran,Fun!23
844,Linda,Miller,11/29/61,Employee,1060.4109,4,false,lindamiller,Fun!23
845,Jacob,Norton,5/1/63,Employee,450.844,7,true,jacobnorton,Fun!23
846,Joshua,Gomez,7/14/74,Employee,273.12192,7,true,joshuagomez,Fun!23
847,Robin,Wilson,7/7/56,Employee,63.215195,1,true,robinwilson,Fun!23
848,Amy,Parsons,1/23/87,Employee,356.78033,8,false,amyparsons,Fun!23
849,Philip,Holt,1/10/64,Employee,5726.9165,6,false,philipholt,Fun!23
850,Alison,Hicks,9/2/40,Employee,565.1515,3,true,alisonhicks,Fun!23
851,Alexander,Wilson,11/16/52,Employee,5243.408,4,true,alexanderwilson,Fun!23
852,Nicole,Lloyd,12/2/12,Employee,458.84567,1,false,nicolelloyd,Fun!23
853,Michael,Clarke,5/14/42,Employee,185.79465,1,true,michaelclarke,Fun!23
854,Nicholas,Smith,2/20/65,Employee,856.80743,3,false,nicholassmith,Fun!23
855,Laurie,Johnson,10/18/28,Employee,70.87302,8,true,lauriejohnson,Fun!23
856,George,Gilbert,12/21/76,Employee,3547.9993,5,true,georgegilbert,Fun!23
857,Kristine,Smith,3/12/58,Employee,222.73055,2,false,kristinesmith,Fun!23
858,Kevin,Harrison,2/6/16,Employee,459.57602,6,true,kevinharrison,Fun!23
859,Karl,Davis,1/9/69,Employee,31.720306,2,true,karldavis,Fun!23
860,Lisa,Peters,3/25/06,Employee,376.42584,2,false,lisapeters,Fun!23
861,Paul,Harmon,1/4/34,Employee,190.7334,4,true,paulharmon,Fun!23
862,Brandon,Miller,9/16/45,Employee,443.98816,7,false,brandonmiller,Fun!23
863,Mark,Gonzalez,2/11/56,Employee,2640.1924,7,true,markgonzalez,Fun!23
864,Christopher,Lucero,7/3/12,Employee,377.73102,3,true,christopherlucero,Fun!23
865,Sherry,Mora,4/18/41,Employee,2421.0913,3,false,sherrymora,Fun!23
866,Jody,Sanchez,8/11/57,Employee,168.60693,2,true,jodysanchez,Fun!23
867,Christian,Ellis,12/1/27,Employee,806.5609,6,true,christianellis,Fun!23
868,Sandra,Sutton,5/25/21,Employee,221.06409,8,true,sandrasutton,Fun!23
869,Kenneth,House,2/28/65,Employee,133.98434,8,false,kennethhouse,Fun!23
870,Wendy,Montoya,8/1/40,Employee,6.8060913,4,true,wendymontoya,Fun!23
871,Bryan,Wise,3/24/77,Employee,1706.089,2,true,bryanwise,Fun!23
872,Joseph,Robinson,1/31/83,Employee,94.85547,6,false,josephrobinson,Fun!23
873,Mindy,Ross,12/6/59,Employee,88.515564,1,true,mindyross,Fun!23
874,Sonia,Durham,9/12/79,Employee,748.4933,3,true,soniadurham,Fun!23
875,John,House,4/29/18,Employee,361.87946,3,false,johnhouse,Fun!23
876,Carolyn,Dunn,12/24/84,Employee,151.09143,2,true,carolyndunn,Fun!23
877,Curtis,Phillips,10/9/80,Employee,1028.904,6,true,curtisphillips,Fun!23
878,Kenneth,Boyd,9/16/12,Employee,450.53137,5,true,kennethboyd,Fun!23
879,Jennifer,Davidson,2/19/01,Employee,407.88135,3,true,jenniferdavidson,Fun!23
880,Brett,Higgins,5/22/04,Employee,35.766495,2,true,bretthiggins,Fun!23
881,Brett,Wallace,1/16/18,Employee,1.6438599,3,false,brettwallace,Fun!23
882,Tyrone,Alvarado,3/25/25,Employee,58.620728,7,false,tyronealvarado,Fun!23
883,Christina,Villanueva,6/16/02,Employee,331.00342,7,true,christinavillanueva,Fun!23
884,Mark,Washington,1/16/40,Employee,382.3326,3,true,markwashington,Fun!23
885,Emily,Cole,3/31/92,Employee,47.861633,3,false,emilycole,Fun!23
886,Kelly,Herring,1/12/81,Employee,601.6081,1,false,kellyherring,Fun!23
887,Joseph,Davis,12/28/13,Employee,736.8531,4,false,josephdavis,Fun!23
888,Stephanie,Williams,1/2/70,Employee,128.69016,3,false,stephaniewilliams,Fun!23
889,Jorge,Huerta,2/13/46,Employee,816.57806,1,true,jorgehuerta,Fun!23
890,Jesse,Dunn,6/21/96,Employee,1651.0652,2,true,jessedunn,Fun!23
891,Lauren,Coleman,1/25/95,Employee,1085.0417,7,true,laurencoleman,Fun!23
892,Jack,Morgan,5/9/84,Employee,238.195,7,true,jackmorgan,Fun!23
893,Matthew,Mason,11/12/35,Employee,2110.1077,2,true,matthewmason,Fun!23
894,Olivia,Richardson,9/24/47,Employee,27.462494,2,false,oliviarichardson,Fun!23
895,Justin,Hawkins,3/21/24,Employee,13.481506,1,true,justinhawkins,Fun!23
896,Amy,Morse,7/6/49,Employee,522.64,6,true,amymorse,Fun!23
897,Barbara,Love,4/9/02,Employee,1250.0925,4,false,barbaralove,Fun!23
898,David,Clark,9/9/48,Employee,8.620972,3,true,davidclark,Fun!23
899,Danielle,Chavez,10/18/98,Employee,4619.458,3,false,daniellechavez,Fun!23
900,Andre,Ramos,5/29/25,Employee,270.96155,2,false,andreramos,Fun!23
901,Emily,Chang,12/10/64,Employee,956.3589,2,true,emilychang,Fun!23
902,Penny,Mcdaniel,8/17/71,Employee,33.560608,2,false,pennymcdaniel,Fun!23
903,Christina,Carter,7/31/48,Employee,237.03278,3,false,christinacarter,Fun!23
904,Jennifer,Huang,9/16/28,Employee,950.3832,8,true,jenniferhuang,Fun!23
905,Melissa,Evans,7/4/41,Employee,19.900208,1,true,melissaevans,Fun!23
906,Rodney,Moss,6/9/80,Employee,797.0864,5,true,rodneymoss,Fun!23
907,Anthony,Kramer,6/28/34,Employee,155.60327,6,true,anthonykramer,Fun!23
908,Carlos,Irwin,7/3/40,Employee,168.33148,1,true,carlosirwin,Fun!23
909,Victoria,Ellis,10/21/11,Employee,3281.6257,6,false,victoriaellis,Fun!23
910,Kelly,Wilson,5/20/67,Employee,1205.3801,2,true,kellywilson,Fun!23
911,Brendan,Phillips,8/31/29,Employee,77.18872,2,false,brendanphillips,Fun!23
912,Deanna,Cummings,6/5/93,Employee,1062.5502,1,false,deannacummings,Fun!23
913,Christopher,Ortega,3/20/97,Employee,250.43109,3,true,christopherortega,Fun!23
914,Amanda,Johnson,5/5/83,Employee,255.74982,4,false,amandajohnson,Fun!23
915,April,Lopez,9/22/13,Employee,366.75113,2,true,aprillopez,Fun!23
916,James,Watson,1/27/65,Employee,188.68134,4,true,jameswatson,Fun!23
917,Kara,Summers,4/24/81,Employee,807.4069,1,true,karasummers,Fun!23
918,Lisa,Jackson,10/16/91,Employee,3242.4219,2,true,lisajackson,Fun!23
919,Steven,Miller,3/10/01,Employee,227.91162,3,false,stevenmiller,Fun!23
920,Donald,Villanueva,9/1/52,Employee,306.49615,3,false,donaldvillanueva,Fun!23
921,Gary,Mckenzie,9/3/16,Employee,1805.3799,4,false,garymckenzie,Fun!23
922,Gregory,Short,9/4/32,Employee,101.99603,8,true,gregoryshort,Fun!23
923,Dana,Park,9/8/77,Employee,556.10547,7,false,danapark,Fun!23
924,Matthew,Khan,11/3/59,Employee,3099.9436,5,false,matthewkhan,Fun!23
925,Erica,Burch,3/6/77,Employee,1247.6748,1,true,ericaburch,Fun!23
926,Dalton,Bryant,2/2/00,Employee,376.1875,1,true,daltonbryant,Fun!23
927,Ruth,Ponce,2/19/69,Employee,1551.1967,3,true,ruthponce,Fun!23
928,Mary,Grant,2/1/39,Employee,1184.3776,1,true,marygrant,Fun!23
929,Sarah,Taylor,2/2/54,Employee,68.05377,7,false,sarahtaylor,Fun!23
930,Jennifer,Schneider,4/6/91,Employee,80.8219,8,true,jenniferschneider,Fun!23
931,Tyler,Evans,9/12/01,Employee,418.23218,1,true,tylerevans,Fun!23
932,David,Hayes,5/26/90,Employee,3629.9817,4,false,davidhayes,Fun!23
933,Kimberly,Miller,11/24/30,Employee,3029.1592,1,false,kimberlymiller,Fun!23
934,Dennis,Cooper,9/26/93,Employee,865.5786,6,false,denniscooper,Fun!23
935,Phillip,Richardson,3/12/36,Employee,28.539368,7,true,philliprichardson,Fun!23
936,Sharon,Gillespie,4/10/69,Employee,81.13118,2,false,sharongillespie,Fun!23
937,Denise,Johnson,12/11/40,Employee,1931.1395,2,false,denisejohnson,Fun!23
938,Kylie,King,9/10/46,Employee,354.9373,1,false,kylieking,Fun!23
939,Carol,Elliott,3/8/44,Employee,129.47552,4,false,carolelliott,Fun!23
940,Elizabeth,Rodriguez,9/20/88,Employee,784.29126,1,false,elizabethrodriguez,Fun!23
941,Ana,Andrade,11/28/61,Employee,152.31396,7,false,anaandrade,Fun!23
942,Sharon,Castillo,5/14/91,Employee,4.0611267,3,false,sharoncastillo,Fun!23
943,Paul,Herman,10/27/03,Employee,160.51671,2,false,paulherman,Fun!23
944,Amber,Conley,12/7/05,Employee,925.50964,3,false,amberconley,Fun!23
945,Suzanne,Kennedy,7/4/58,Employee,2530.3862,1,false,suzannekennedy,Fun!23
946,Brett,Mathis,5/7/41,Employee,1952.298,1,true,brettmathis,Fun!23
947,Ashley,Frye,2/21/37,Employee,270.4723,8,false,ashleyfrye,Fun!23
948,Ronald,Martinez,1/12/99,Employee,410.53882,3,false,ronaldmartinez,Fun!23
949,Daniel,Summers,3/8/29,Employee,7040.7554,2,true,danielsummers,Fun!23
950,Robert,Wang,4/20/48,Employee,547.6948,2,true,robertwang,Fun!23
951,Katherine,Mcdonald,6/22/03,Employee,1230.6943,5,true,katherinemcdonald,Fun!23
952,Mitchell,Gross,12/26/41,Employee,1231.6311,2,true,mitchellgross,Fun!23
953,Darrell,Jones,9/4/65,Employee,4350.8066,2,false,darrelljones,Fun!23
954,Jennifer,Hernandez,12/24/88,Employee,2165.8188,4,true,jenniferhernandez,Fun!23
955,Amy,Hall,7/21/65,Employee,339.40747,7,false,amyhall,Fun!23
956,Ryan,Washington,11/29/60,Employee,24.168274,3,true,ryanwashington,Fun!23
957,Robert,Flores,7/29/88,Employee,371.74228,7,false,robertflores,Fun!23
958,Becky,Simpson,2/24/94,Employee,34.842606,1,false,beckysimpson,Fun!23
959,Alexandra,Cook,9/19/55,Employee,304.6494,8,false,alexandracook,Fun!23
960,Miranda,Walker,12/26/96,Employee,296.72095,8,false,mirandawalker,Fun!23
961,Ashley,Morales,7/29/53,Employee,35.110306,3,true,ashleymorales,Fun!23
962,Vincent,Harrison,7/14/33,Employee,38.131287,8,false,vincentharrison,Fun!23
963,Christopher,Berry,6/29/13,Employee,2865.6328,1,false,christopherberry,Fun!23
964,Roger,Casey,5/1/90,Employee,2916.0283,4,false,rogercasey,Fun!23
965,James,Simmons,7/1/55,Employee,946.95416,2,true,jamessimmons,Fun!23
966,Mary,Anderson,10/17/60,Employee,64.20874,6,false,maryanderson,Fun!23
967,Andrea,Riley,1/4/42,Employee,112.57321,7,true,andreariley,Fun!23
968,Krista,Beck,6/29/55,Employee,657.5713,4,false,kristabeck,Fun!23
969,Amy,Fuller,3/16/41,Employee,108.49234,2,true,amyfuller,Fun!23
970,Jeremy,Rocha,10/12/78,Employee,376.22522,2,false,jeremyrocha,Fun!23
971,Tammy,Waters,3/23/13,Employee,10731.608,3,false,tammywaters,Fun!23
972,Douglas,Mckay,11/6/11,Employee,541.8475,1,true,douglasmckay,Fun!23
973,Terrence,Dixon,9/9/01,Employee,49.078857,6,false,terrencedixon,Fun!23
974,John,Hansen,10/25/45,Employee,2179.4807,2,false,johnhansen,Fun!23
975,Jerry,Rodriguez,8/27/68,Employee,605.434,2,true,jerryrodriguez,Fun!23
976,Donald,Ramirez,10/14/51,Employee,155.79488,4,false,donaldramirez,Fun!23
977,Stephanie,Perry,8/22/61,Employee,2.069046,1,false,stephanieperry,Fun!23
978,Samuel,Burton,6/19/45,Employee,1498.1843,1,true,samuelburton,Fun!23
979,Anthony,Byrd,11/24/98,Employee,588.549,2,false,anthonybyrd,Fun!23
980,Marissa,Henry,7/29/98,Employee,1422.9263,2,false,marissahenry,Fun!23
981,Mariah,Black,12/18/50,Employee,3892.3154,4,true,mariahblack,Fun!23
982,Sara,West,10/20/47,Employee,2190.1736,2,false,sarawest,Fun!23
983,Jennifer,Preston,11/26/08,Employee,47.08307,8,false,jenniferpreston,Fun!23
984,Monica,Sullivan,9/23/74,Employee,403.05493,8,false,monicasullivan,Fun!23
985,Luis,Solomon,4/16/80,Employee,518.41895,6,true,luissolomon,Fun!23
986,Michael,Johnson,2/6/00,Employee,164.83142,1,false,michaeljohnson,Fun!23
987,Stacy,Maldonado,4/30/55,Employee,203.95624,1,true,stacymaldonado,Fun!23
988,Carmen,Petersen,6/7/85,Employee,463.32788,2,true,carmenpetersen,Fun!23
989,Zachary,Campbell,4/9/48,Employee,7547.597,1,false,zacharycampbell,Fun!23
990,Timothy,Greene,7/31/22,Employee,956.9799,1,false,timothygreene,Fun!23
991,Emily,Jackson,7/8/86,Employee,5723.9453,7,false,emilyjackson,Fun!23
992,Paul,Salas,4/22/63,Employee,885.94324,8,false,paulsalas,Fun!23
993,Danielle,Conrad,10/10/82,Employee,870.5737,2,false,danielleconrad,Fun!23
994,Robert,Kennedy,4/16/99,Employee,703.4561,4,true,robertkennedy,Fun!23
995,Diana,Rivera,6/5/47,Employee,1551.1711,8,true,dianarivera,Fun!23
996,Shawn,Santos,3/30/23,Employee,764.3865,3,false,shawnsantos,Fun!23
997,Jamie,Brown,4/21/55,Employee,5423.115,7,false,jamiebrown,Fun!23
998,Elizabeth,Medina,2/18/28,Employee,31.872314,6,false,elizabethmedina,Fun!23
999,Kimberly,Mejia,9/19/54,Employee,364.17737,1,true,kimberlymejia,Fun!23
1000,Lori,Livingston,8/6/92,Employee,1412.5319,1,true,lorilivingston,Fun!23
1001,Ryan,Peterson,11/5/94,Employee,248.62854,3,true,ryanpeterson,Fun!23
1002,Andrew,Hall,5/18/34,Employee,660.8595,5,true,andrewhall,Fun!23
1003,David,Johnson,5/12/05,Employee,225.2484,1,true,davidjohnson,Fun!23
1004,Joseph,Hanna,12/26/90,Employee,34.380615,6,false,josephhanna,Fun!23
1005,Tammy,Thomas,9/4/38,Employee,542.2649,8,false,tammythomas,Fun!23
1006,Elizabeth,Jackson,7/31/98,Employee,501.06494,4,false,elizabethjackson,Fun!23
1007,Melissa,Holt,1/1/57,Employee,95.36359,1,false,melissaholt,Fun!23
1008,Laura,Williams,12/12/34,Employee,507.52313,1,false,laurawilliams,Fun!23
1009,Courtney,Olsen,1/1/06,Employee,593.6918,2,false,courtneyolsen,Fun!23
1010,Beth,Moss,5/30/32,Employee,598.8484,7,true,bethmoss,Fun!23
1011,Charles,Chambers,7/15/46,Employee,1108.7281,4,false,charleschambers,Fun!23
1012,Mikayla,Dennis,1/19/41,Employee,502.95438,6,true,mikayladennis,Fun!23
1013,Carlos,Lynch,10/1/41,Employee,394.74948,3,false,carloslynch,Fun!23
1014,Austin,Lewis,1/8/81,Employee,59.790283,7,false,austinlewis,Fun!23
1015,Patricia,Hughes,2/27/03,Employee,3088.5034,1,false,patriciahughes,Fun!23
1016,John,Sanders,5/5/94,Employee,124.631424,1,false,johnsanders,Fun!23
1017,Kim,Craig,3/6/86,Employee,638.7058,4,true,kimcraig,Fun!23
1018,James,Mitchell,12/24/88,Employee,91.04443,7,true,jamesmitchell,Fun!23
1019,Thomas,Stevenson,9/8/54,Employee,117.52547,1,true,thomasstevenson,Fun!23
1020,Tonya,Elliott,11/2/73,Employee,206.93994,3,true,tonyaelliott,Fun!23
1021,Mark,Butler,1/12/18,Employee,4533.025,4,false,markbutler,Fun!23
1022,Bryan,Massey,5/17/52,Employee,2318.0566,4,false,bryanmassey,Fun!23
1023,Lisa,Yu,5/4/20,Employee,112.86859,4,true,lisayu,Fun!23
1024,Kristen,Martinez,9/9/96,Employee,25.68811,4,true,kristenmartinez,Fun!23
1025,Maria,Kelly,2/15/17,Employee,6348.095,2,true,mariakelly,Fun!23
1026,Timothy,Wagner,6/5/17,Employee,4895.3574,7,true,timothywagner,Fun!23
1027,Erin,Barton,1/8/73,Employee,11.340698,4,false,erinbarton,Fun!23
1028,Stephen,Peters,7/6/71,Employee,4448.384,4,false,stephenpeters,Fun!23
1029,Jessica,Smith,7/3/76,Employee,112.50885,4,false,jessicasmith,Fun!23
1030,Vanessa,Carson,7/12/90,Employee,69.25525,8,true,vanessacarson,Fun!23
1031,Wendy,Phillips,2/23/60,Employee,113.309814,4,false,wendyphillips,Fun!23
1032,Kimberly,Harris,7/18/32,Employee,932.78455,6,false,kimberlyharris,Fun!23
1033,Angela,English,2/27/28,Employee,3663.1108,6,true,angelaenglish,Fun!23
1034,Taylor,Johnson,6/29/52,Employee,723.0251,1,true,taylorjohnson,Fun!23
1035,Brooke,Maxwell,6/21/19,Employee,108.55264,7,false,brookemaxwell,Fun!23
1036,Shelly,Jones,11/23/85,Employee,1451.3518,8,true,shellyjones,Fun!23
1037,Cory,Byrd,1/12/98,Employee,393.68774,3,true,corybyrd,Fun!23
1038,Amanda,Baker,9/10/95,Employee,517.33344,5,true,amandabaker,Fun!23
1039,Kendra,Sawyer,4/21/49,Employee,374.35712,7,false,kendrasawyer,Fun!23
